date,semester,rank,team,acronym,total.points,previous.points,diff.points
2024,2,1,Argentina,ARG,1867.25,1883.5,-16.25
2024,2,2,France,FRA,1859.78,1859.85,-0.0699999999999363
2024,2,3,Spain,ESP,1853.27,1844.33,8.94000000000005
2024,2,4,England,ENG,1813.81,1807.83,5.98000000000002
2024,2,5,Brazil,BRA,1775.85,1784.37,-8.51999999999998
2024,2,6,Portugal,POR,1756.12,1752.68,3.43999999999983
2024,2,7,Netherlands,NED,1747.55,1748.24,-0.690000000000055
2024,2,8,Belgium,BEL,1740.62,1761.27,-20.6500000000001
2024,2,9,Italy,ITA,1731.51,1729.4,2.1099999999999
2024,2,10,Germany,GER,1703.79,1703.59,0.200000000000045
2024,2,11,Uruguay,URU,1695.91,1680.36,15.5500000000002
2024,2,12,Colombia,COL,1694.44,1724.37,-29.9299999999998
2024,2,13,Croatia,CRO,1691.59,1701.36,-9.76999999999998
2024,2,14,Morocco,MAR,1688.18,1681.57,6.61000000000013
2024,2,15,Japan,JPN,1652.79,1645.09,7.70000000000005
2024,2,16,USA,USA,1645.48,1630.97,14.51
2024,2,17,Senegal,SEN,1637.25,1627.13,10.1199999999999
2024,2,18,IR Iran,IRN,1635.31,1627.58,7.73000000000002
2024,2,19,Mexico,MEX,1627.4,1640.67,-13.27
2024,2,20,Switzerland,SUI,1625.16,1631.38,-6.22000000000003
2024,2,21,Denmark,DEN,1611.49,1617.34,-5.84999999999991
2024,2,22,Austria,AUT,1589.84,1589.17,0.669999999999845
2024,2,23,Korea Republic,KOR,1585.45,1589.93,-4.48000000000002
2024,2,24,Ecuador,ECU,1560.13,1536.32,23.8100000000002
2024,2,25,Ukraine,UKR,1554.94,1552.37,2.57000000000016
2024,2,26,Australia,AUS,1544.15,1552.77,-8.61999999999989
2024,2,27,Sweden,SWE,1540.2,1530.41,9.78999999999996
2024,2,28,Türkiye,TUR,1537.24,1548.15,-10.9100000000001
2024,2,29,Wales,WAL,1534.39,1528.96,5.43000000000006
2024,2,30,Hungary,HUN,1517.57,1519.33,-1.75999999999999
2024,2,31,Canada,CAN,1515.96,1507.27,8.69000000000005
2024,2,32,Serbia,SRB,1514.28,1511.16,3.11999999999989
2024,2,33,Egypt,EGY,1513.48,1526.25,-12.77
2024,2,34,Russia,RUS,1512.32,1508.73,3.58999999999992
2024,2,35,Poland,POL,1510.62,1523.19,-12.5700000000002
2024,2,36,Panama,PAN,1504.39,1493.8,10.5900000000001
2024,2,37,Algeria,ALG,1495.85,1496.94,-1.09000000000015
2024,2,38,Romania,ROU,1494.2,1487.22,6.98000000000002
2024,2,39,Greece,GRE,1489.88,1487.42,2.46000000000004
2024,2,40,Peru,PER,1488.42,1494.24,-5.81999999999994
2024,2,41,Slovakia,SVK,1486.19,1489.88,-3.69000000000005
2024,2,42,Czechia,CZE,1484.88,1480.39,4.49000000000001
2024,2,43,Norway,NOR,1484.44,1473.5,10.9400000000001
2024,2,44,Nigeria,NGA,1482.23,1503.29,-21.0599999999999
2024,2,45,Scotland,SCO,1480.24,1461.34,18.9000000000001
2024,2,46,Côte d'Ivoire,CIV,1478.47,1493.57,-15.0999999999999
2024,2,47,Venezuela,VEN,1475.71,1482.47,-6.75999999999999
2024,2,48,Qatar,QAT,1474.6,1478.6,-4.0
2024,2,49,Cameroon,CMR,1471.49,1472.12,-0.629999999999882
2024,2,50,Chile,CHI,1469.44,1455.22,14.22
2024,2,51,Mali,MLI,1466.1,1454.84,11.26
2024,2,52,Tunisia,TUN,1464.42,1478.52,-14.0999999999999
2024,2,53,Paraguay,PAR,1458.26,1440.78,17.48
2024,2,54,Costa Rica,CRC,1454.99,1465.57,-10.5799999999999
2024,2,55,Slovenia,SVN,1454.25,1459.59,-5.33999999999992
2024,2,56,Iraq,IRQ,1442.86,1434.4,8.45999999999981
2024,2,57,South Africa,RSA,1428.87,1415.98,12.8899999999999
2024,2,58,Uzbekistan,UZB,1424.93,1429.26,-4.32999999999993
2024,2,59,Saudi Arabia,KSA,1406.56,1422.67,-16.1100000000001
2024,2,60,Republic of Ireland,IRL,1400.22,1395.61,4.61000000000013
2024,2,61,Congo DR,COD,1395.77,1431.3,-35.53
2024,2,62,Jamaica,JAM,1390.85,1405.36,-14.51
2024,2,63,United Arab Emirates,UAE,1385.57,1361.34,24.23
2024,2,64,Jordan,JOR,1375.91,1380.75,-4.83999999999992
2024,2,65,Albania,ALB,1375.57,1379.29,-3.72000000000003
2024,2,66,Burkina Faso,BFA,1373.76,1399.8,-26.04
2024,2,67,North Macedonia,MKD,1368.96,1361.01,7.95000000000005
2024,2,68,Georgia,GEO,1362.21,1365.56,-3.34999999999991
2024,2,69,Finland,FIN,1361.53,1374.58,-13.05
2024,2,70,Iceland,ISL,1355.1,1353.18,1.91999999999985
2024,2,71,Northern Ireland,NIR,1349.58,1345.06,4.51999999999998
2024,2,72,Cabo Verde,CPV,1328.51,1340.87,-12.3599999999999
2024,2,73,Montenegro,MNE,1326.76,1323.2,3.55999999999995
2024,2,74,Bosnia and Herzegovina,BIH,1326.69,1324.43,2.25999999999999
2024,2,75,Honduras,HON,1325.93,1312.66,13.27
2024,2,76,Israel,ISR,1322.25,1303.65,18.5999999999999
2024,2,77,Ghana,GHA,1320.52,1338.73,-18.21
2024,2,78,Guinea,GUI,1311.88,1312.45,-0.569999999999936
2024,2,79,Bolivia,BOL,1308.58,1312.36,-3.77999999999997
2024,2,80,Oman,OMA,1306.67,1305.99,0.680000000000064
2024,2,81,Bahrain,BHR,1305.52,1313.8,-8.27999999999997
2024,2,82,Bulgaria,BUL,1301.04,1295.11,5.93000000000006
2024,2,83,El Salvador,SLV,1300.81,1297.99,2.81999999999994
2024,2,84,Gabon,GAB,1297.87,1294.11,3.75999999999999
2024,2,85,Angola,ANG,1296.48,1298.75,-2.26999999999998
2024,2,86,Haiti,HAI,1287.75,1283.67,4.07999999999993
2024,2,87,Zambia,ZAM,1279.24,1251.84,27.4000000000001
2024,2,88,Uganda,UGA,1270.42,1269.79,0.630000000000109
2024,2,89,Aotearoa New Zealand,NZL,1269.83,1258.11,11.72
2024,2,90,China PR,CHN,1266.38,1257.29,9.09000000000015
2024,2,91,Curaçao,CUW,1264.78,1260.87,3.91000000000008
2024,2,92,Luxembourg,LUX,1256.42,1262.08,-5.65999999999985
2024,2,93,Equatorial Guinea,EQG,1256.2,1266.68,-10.48
2024,2,94,Benin,BEN,1250.99,1250.97,0.0199999999999818
2024,2,95,Syria,SYR,1249.47,1252.19,-2.72000000000003
2024,2,96,Mozambique,MOZ,1232.7,1229.01,3.69000000000005
2024,2,97,Thailand,THA,1228.24,1231.75,-3.50999999999999
2024,2,98,Belarus,BLR,1226.31,1231.1,-4.78999999999996
2024,2,99,Kosovo,KOS,1219.82,1218.22,1.59999999999991
2024,2,100,Armenia,ARM,1219.15,1222.74,-3.58999999999992
2024,2,101,Palestine,PLE,1215.87,1218.43,-2.56000000000017
2024,2,102,Trinidad and Tobago,TRI,1214.81,1214.81,0.0
2024,2,103,Comoros,COM,1208.99,1185.98,23.01
2024,2,104,Tajikistan,TJK,1203.08,1196.98,6.09999999999991
2024,2,105,Guatemala,GUA,1201.35,1201.35,0.0
2024,2,106,Tanzania,TAN,1199.33,1173.84,25.49
2024,2,107,Kyrgyz Republic,KGZ,1194.19,1207.08,-12.8899999999999
2024,2,108,Kenya,KEN,1189.65,1195.36,-5.70999999999981
2024,2,109,Mauritania,MTN,1183.16,1168.44,14.72
2024,2,110,Kazakhstan,KAZ,1180.18,1186.46,-6.27999999999997
2024,2,111,Namibia,NAM,1179.26,1173.81,5.45000000000005
2024,2,112,Lebanon,LBN,1168.1,1167.49,0.6099999999999
2024,2,113,Sudan,SDN,1165.41,1176.2,-10.79
2024,2,114,Korea DPR,PRK,1164.41,1175.14,-10.73
2024,2,115,Madagascar,MAD,1162.02,1180.0,-17.98
2024,2,116,Vietnam,VIE,1161.11,1161.11,0.0
2024,2,117,Azerbaijan,AZE,1158.7,1161.8,-3.09999999999991
2024,2,118,Libya,LBY,1158.03,1148.7,9.32999999999993
2024,2,119,Togo,TOG,1152.18,1147.91,4.26999999999998
2024,2,120,Guinea-Bissau,GNB,1151.72,1166.34,-14.6199999999999
2024,2,121,Zimbabwe,ZIM,1151.06,1162.48,-11.4200000000001
2024,2,122,Niger,NIG,1145.96,1114.73,31.23
2024,2,123,Estonia,EST,1142.53,1145.52,-2.99000000000001
2024,2,124,Rwanda,RWA,1136.06,1130.04,6.01999999999998
2024,2,125,Indonesia,IDN,1135.11,1118.87,16.24
2024,2,126,The Gambia,GAM,1134.69,1125.62,9.07000000000016
2024,2,127,India,IND,1133.62,1133.78,-0.160000000000082
2024,2,128,Congo,CGO,1132.65,1159.42,-26.77
2024,2,129,Sierra Leone,SLE,1132.06,1149.81,-17.75
2024,2,130,Cyprus,CYP,1131.32,1127.51,3.80999999999995
2024,2,131,Malawi,MWI,1129.31,1111.16,18.1499999999999
2024,2,132,Malaysia,MAS,1117.05,1113.92,3.12999999999988
2024,2,133,Nicaragua,NCA,1114.28,1114.28,0.0
2024,2,134,Kuwait,KUW,1109.16,1106.42,2.74000000000001
2024,2,135,Central African Republic,CTA,1102.23,1125.26,-23.03
2024,2,136,Botswana,BOT,1098.85,1088.45,10.3999999999999
2024,2,137,Faroe Islands,FRO,1096.88,1091.52,5.36000000000013
2024,2,138,Suriname,SUR,1096.6,1105.29,-8.69000000000005
2024,2,139,Burundi,BDI,1087.26,1089.49,-2.23000000000002
2024,2,140,Latvia,LVA,1084.11,1093.82,-9.71000000000004
2024,2,141,Dominican Republic,DOM,1083.36,1071.88,11.4799999999998
2024,2,142,Lithuania,LTU,1069.96,1082.36,-12.3999999999999
2024,2,143,Turkmenistan,TKM,1065.42,1065.42,0.0
2024,2,144,St Kitts and Nevis,SKN,1064.99,1069.25,-4.25999999999999
2024,2,145,Liberia,LBR,1063.04,1048.86,14.1800000000001
2024,2,146,Ethiopia,ETH,1059.94,1049.28,10.6600000000001
2024,2,147,Fiji,FIJ,1049.15,1051.41,-2.25999999999999
2024,2,148,Solomon Islands,SOL,1048.75,1050.99,-2.24000000000001
2024,2,149,Philippines,PHI,1047.73,1053.09,-5.3599999999999
2024,2,150,Lesotho,LES,1046.76,1032.79,13.97
2024,2,151,Moldova,MDA,1045.59,1040.83,4.75999999999999
2024,2,152,New Caledonia,NCL,1034.43,1020.83,13.6
2024,2,153,Tahiti,TAH,1031.47,1009.52,21.95
2024,2,154,Guyana,GUY,1030.6,1008.68,21.92
2024,2,155,Afghanistan,AFG,1025.0,1034.37,-9.36999999999989
2024,2,156,"Hong Kong, China",HKG,1024.58,1015.1,9.4799999999999
2024,2,157,Puerto Rico,PUR,1022.83,1021.62,1.21000000000004
2024,2,158,Yemen,YEM,1017.84,1021.24,-3.39999999999998
2024,2,159,Eswatini,SWZ,1015.25,1009.19,6.05999999999995
2024,2,160,Antigua and Barbuda,ATG,1010.97,1020.58,-9.61000000000001
2024,2,161,Singapore,SGP,1007.83,1008.26,-0.42999999999995
2024,2,162,Maldives,MDV,1001.39,1003.48,-2.09000000000003
2024,2,163,Vanuatu,VAN,996.21,1015.52,-19.3099999999999
2024,2,164,Cuba,CUB,994.43,990.18,4.25
2024,2,165,Chinese Taipei,TPE,990.92,985.66,5.25999999999999
2024,2,166,Bermuda,BER,988.19,986.53,1.66000000000008
2024,2,167,Myanmar,MYA,986.15,990.98,-4.83000000000004
2024,2,168,St Lucia,LCA,985.72,997.86,-12.14
2024,2,169,Malta,MLT,983.95,980.5,3.45000000000005
2024,2,170,South Sudan,SSD,973.55,955.67,17.88
2024,2,171,Andorra,AND,971.54,977.96,-6.42000000000007
2024,2,172,Papua New Guinea,PNG,963.22,972.32,-9.10000000000002
2024,2,173,St Vincent and the Grenadines,VIN,961.92,954.86,7.05999999999995
2024,2,174,Grenada,GRN,955.44,947.22,8.22000000000003
2024,2,175,Nepal,NEP,939.2,935.93,3.2700000000001
2024,2,176,Chad,CHA,935.41,933.39,2.01999999999998
2024,2,177,Barbados,BRB,933.3,955.21,-21.9100000000001
2024,2,178,Belize,BLZ,925.02,925.02,0.0
2024,2,179,Mauritius,MRI,923.46,927.57,-4.11000000000001
2024,2,180,Cambodia,CAM,921.2,921.2,0.0
2024,2,181,Montserrat,MSR,914.26,924.14,-9.88
2024,2,182,Bhutan,BHU,904.06,904.06,0.0
2024,2,183,Dominica,DMA,900.0,903.54,-3.53999999999996
2024,2,184,Brunei Darussalam,BRU,899.87,900.75,-0.879999999999995
2024,2,185,Bangladesh,BAN,898.81,896.71,2.09999999999991
2024,2,186,Laos,LAO,889.54,889.62,-0.0800000000000409
2024,2,187,Mongolia,MNG,883.57,883.57,0.0
2024,2,188,American Samoa,ASA,883.17,883.17,0.0
2024,2,189,São Tomé and Príncipe,STP,878.09,878.09,0.0
2024,2,190,Cook Islands,COK,877.53,877.53,0.0
2024,2,191,Djibouti,DJI,877.37,875.13,2.24000000000001
2024,2,192,Samoa,SAM,876.41,890.77,-14.36
2024,2,193,Macau,MAC,871.52,871.52,0.0
2024,2,194,Cayman Islands,CAY,866.71,866.71,0.0
2024,2,195,Aruba,ARU,858.0,863.29,-5.28999999999996
2024,2,196,Timor-Leste,TLS,850.83,850.83,0.0
2024,2,197,Gibraltar,GIB,848.58,848.32,0.259999999999991
2024,2,198,Pakistan,PAK,842.59,842.59,0.0
2024,2,199,Tonga,TGA,835.64,835.64,0.0
2024,2,200,Sri Lanka,SRI,832.8,829.39,3.40999999999997
2024,2,201,Seychelles,SEY,831.19,831.19,0.0
2024,2,202,Somalia,SOM,829.81,829.81,0.0
2024,2,203,Guam,GUM,821.91,821.91,0.0
2024,2,204,Liechtenstein,LIE,821.71,834.15,-12.4399999999999
2024,2,205,Bahamas,BAH,818.58,818.58,0.0
2024,2,206,Turks and Caicos Islands,TCA,803.98,803.98,0.0
2024,2,207,British Virgin Islands,VGB,780.3,780.3,0.0
2024,2,208,US Virgin Islands,VIR,779.71,779.71,0.0
2024,2,209,Anguilla,AIA,769.31,769.31,0.0
2024,2,210,San Marino,SMR,747.42,737.04,10.38
2023,1,1,Argentina,ARG,1843.73,1843.73,0.0
2023,1,2,France,FRA,1843.54,1843.54,0.0
2023,1,3,Brazil,BRA,1828.27,1828.27,0.0
2023,1,4,England,ENG,1797.39,1797.39,0.0
2023,1,5,Belgium,BEL,1788.55,1788.55,0.0
2023,1,6,Croatia,CRO,1742.55,1742.55,0.0
2023,1,7,Netherlands,NED,1731.23,1731.23,0.0
2023,1,8,Italy,ITA,1726.58,1726.58,0.0
2023,1,9,Portugal,POR,1718.25,1718.25,0.0
2023,1,10,Spain,ESP,1703.45,1703.45,0.0
2023,1,11,USA,USA,1674.48,1673.34,1.1400000000001
2023,1,12,Mexico,MEX,1665.59,1639.19,26.3999999999999
2023,1,13,Switzerland,SUI,1661.12,1661.12,0.0
2023,1,14,Morocco,MAR,1655.5,1655.5,0.0
2023,1,15,Germany,GER,1636.32,1636.32,0.0
2023,1,16,Uruguay,URU,1633.13,1633.13,0.0
2023,1,17,Colombia,COL,1624.91,1624.91,0.0
2023,1,18,Senegal,SEN,1612.61,1612.61,0.0
2023,1,19,Denmark,DEN,1597.37,1597.37,0.0
2023,1,20,Japan,JPN,1595.96,1595.96,0.0
2023,1,21,Peru,PER,1561.2,1561.2,0.0
2023,1,22,IR Iran,IRN,1556.59,1556.59,0.0
2023,1,23,Sweden,SWE,1547.11,1547.11,0.0
2023,1,24,Ukraine,UKR,1541.25,1541.25,0.0
2023,1,25,Serbia,SRB,1539.03,1539.03,0.0
2023,1,26,Poland,POL,1536.99,1536.99,0.0
2023,1,27,Australia,AUS,1530.45,1530.45,0.0
2023,1,28,Korea Republic,KOR,1529.3,1529.3,0.0
2023,1,29,Austria,AUT,1528.06,1528.06,0.0
2023,1,30,Scotland,SCO,1520.24,1520.24,0.0
2023,1,31,Tunisia,TUN,1516.66,1516.66,0.0
2023,1,32,Chile,CHI,1511.31,1511.31,0.0
2023,1,33,Algeria,ALG,1511.23,1511.23,0.0
2023,1,34,Egypt,EGY,1509.89,1509.89,0.0
2023,1,35,Wales,WAL,1506.04,1506.04,0.0
2023,1,36,Hungary,HUN,1504.57,1504.57,0.0
2023,1,37,Czechia,CZE,1503.69,1503.69,0.0
2023,1,38,Russia,RUS,1495.53,1495.53,0.0
2023,1,39,Nigeria,NGA,1486.48,1486.48,0.0
2023,1,40,Ecuador,ECU,1486.47,1486.47,0.0
2023,1,41,Türkiye,TUR,1484.47,1484.47,0.0
2023,1,42,Cameroon,CMR,1470.97,1470.97,0.0
2023,1,43,Canada,CAN,1458.58,1454.12,4.46000000000004
2023,1,44,Norway,NOR,1458.47,1458.47,0.0
2023,1,45,Panama,PAN,1453.94,1399.23,54.71
2023,1,46,Costa Rica,CRC,1453.56,1478.3,-24.74
2023,1,47,Slovakia,SVK,1447.05,1447.05,0.0
2023,1,48,Romania,ROU,1443.98,1443.98,0.0
2023,1,49,Paraguay,PAR,1442.64,1442.64,0.0
2023,1,50,Greece,GRE,1441.06,1441.06,0.0
2023,1,51,Mali,MLI,1438.01,1438.01,0.0
2023,1,52,Côte d'Ivoire,CIV,1433.38,1433.38,0.0
2023,1,53,Republic of Ireland,IRL,1426.26,1426.26,0.0
2023,1,54,Saudi Arabia,KSA,1421.46,1421.46,0.0
2023,1,55,Finland,FIN,1419.47,1419.47,0.0
2023,1,56,Burkina Faso,BFA,1419.18,1419.18,0.0
2023,1,57,Venezuela,VEN,1417.23,1417.23,0.0
2023,1,58,Jamaica,JAM,1409.73,1367.83,41.9000000000001
2023,1,59,Qatar,QAT,1395.57,1393.52,2.04999999999995
2023,1,60,Ghana,GHA,1391.13,1391.13,0.0
2023,1,61,Slovenia,SVN,1391.04,1391.04,0.0
2023,1,62,Bosnia and Herzegovina,BIH,1381.1,1381.1,0.0
2023,1,63,South Africa,RSA,1368.25,1369.49,-1.24000000000001
2023,1,64,Northern Ireland,NIR,1361.17,1361.17,0.0
2023,1,65,Albania,ALB,1357.39,1357.39,0.0
2023,1,66,Cabo Verde,CPV,1354.65,1354.65,0.0
2023,1,67,Iceland,ISL,1352.98,1352.98,0.0
2023,1,68,North Macedonia,MKD,1350.53,1350.53,0.0
2023,1,69,Congo DR,COD,1350.11,1350.11,0.0
2023,1,70,Iraq,IRQ,1345.21,1345.21,0.0
2023,1,71,Montenegro,MNE,1343.45,1343.45,0.0
2023,1,72,United Arab Emirates,UAE,1336.28,1336.28,0.0
2023,1,73,Oman,OMA,1332.45,1332.45,0.0
2023,1,74,Uzbekistan,UZB,1327.58,1327.58,0.0
2023,1,75,El Salvador,SLV,1325.47,1317.64,7.82999999999993
2023,1,76,Israel,ISR,1323.81,1323.81,0.0
2023,1,77,Bulgaria,BUL,1315.48,1315.48,0.0
2023,1,78,Georgia,GEO,1312.8,1312.8,0.0
2023,1,79,Honduras,HON,1309.23,1296.42,12.8099999999999
2023,1,80,China PR,CHN,1304.78,1304.78,0.0
2023,1,81,Guinea,GUI,1296.75,1296.75,0.0
2023,1,82,Jordan,JOR,1296.26,1296.26,0.0
2023,1,83,Bolivia,BOL,1295.09,1295.09,0.0
2023,1,84,Zambia,ZAM,1293.77,1290.2,3.56999999999994
2023,1,85,Gabon,GAB,1285.25,1285.25,0.0
2023,1,86,Bahrain,BHR,1282.05,1282.05,0.0
2023,1,87,Haiti,HAI,1272.64,1275.96,-3.31999999999994
2023,1,88,Curaçao,CUW,1267.87,1267.87,0.0
2023,1,89,Luxembourg,LUX,1262.72,1262.72,0.0
2023,1,90,Armenia,ARM,1252.6,1252.6,0.0
2023,1,91,Equatorial Guinea,EQG,1251.83,1251.83,0.0
2023,1,92,Uganda,UGA,1250.32,1250.32,0.0
2023,1,93,Benin,BEN,1248.13,1248.13,0.0
2023,1,94,Syria,SYR,1241.62,1241.62,0.0
2023,1,95,Vietnam,VIE,1238.23,1238.23,0.0
2023,1,96,Palestine,PLE,1233.02,1233.02,0.0
2023,1,97,Kyrgyz Republic,KGZ,1224.8,1224.8,0.0
2023,1,98,Belarus,BLR,1212.28,1212.28,0.0
2023,1,99,India,IND,1208.69,1204.9,3.78999999999996
2023,1,100,Lebanon,LBN,1205.77,1201.74,4.02999999999997
2023,1,101,Mauritania,MTN,1205.18,1205.18,0.0
2023,1,102,Trinidad and Tobago,TRI,1199.74,1203.28,-3.53999999999996
2023,1,103,Aotearoa New Zealand,NZL,1199.04,1199.04,0.0
2023,1,104,Kazakhstan,KAZ,1198.24,1198.24,0.0
2023,1,105,Kenya,KEN,1191.07,1191.07,0.0
2023,1,106,Congo,CGO,1190.63,1190.63,0.0
2023,1,107,Guatemala,GUA,1186.71,1166.6,20.1100000000001
2023,1,108,Madagascar,MAD,1186.09,1186.09,0.0
2023,1,109,Kosovo,KOS,1179.69,1179.69,0.0
2023,1,110,Tajikistan,TJK,1179.54,1179.54,0.0
2023,1,111,Estonia,EST,1179.3,1179.3,0.0
2023,1,112,Guinea-Bissau,GNB,1178.93,1178.93,0.0
2023,1,113,Thailand,THA,1174.37,1174.37,0.0
2023,1,114,Namibia,NAM,1172.41,1175.14,-2.73000000000002
2023,1,115,Korea DPR,PRK,1169.96,1169.96,0.0
2023,1,116,Angola,ANG,1169.07,1170.76,-1.69000000000005
2023,1,117,Mozambique,MOZ,1164.25,1165.85,-1.59999999999991
2023,1,118,Cyprus,CYP,1163.73,1163.73,0.0
2023,1,119,The Gambia,GAM,1159.82,1159.82,0.0
2023,1,120,Sierra Leone,SLE,1156.11,1156.11,0.0
2023,1,121,Azerbaijan,AZE,1143.22,1143.22,0.0
2023,1,122,Togo,TOG,1140.88,1140.88,0.0
2023,1,123,Malawi,MWI,1140.65,1133.17,7.48000000000002
2023,1,124,Tanzania,TAN,1138.79,1138.79,0.0
2023,1,125,Zimbabwe,ZIM,1138.56,1138.56,0.0
2023,1,126,Central African Republic,CTA,1133.5,1133.5,0.0
2023,1,127,Libya,LBY,1130.75,1130.75,0.0
2023,1,128,Niger,NIG,1129.67,1129.67,0.0
2023,1,129,Faroe Islands,FRO,1126.3,1126.3,0.0
2023,1,130,Comoros,COM,1119.99,1122.82,-2.82999999999993
2023,1,131,Sudan,SDN,1116.21,1116.21,0.0
2023,1,132,Antigua and Barbuda,ATG,1107.51,1107.51,0.0
2023,1,133,Solomon Islands,SOL,1097.61,1097.61,0.0
2023,1,134,Latvia,LVA,1096.19,1096.19,0.0
2023,1,135,Philippines,PHI,1095.66,1095.66,0.0
2023,1,136,Malaysia,MAS,1091.57,1091.57,0.0
2023,1,137,Kuwait,KUW,1090.42,1084.34,6.08000000000015
2023,1,138,Turkmenistan,TKM,1089.77,1089.77,0.0
2023,1,139,Rwanda,RWA,1089.46,1089.46,0.0
2023,1,140,Burundi,BDI,1085.06,1085.06,0.0
2023,1,141,Nicaragua,NCA,1076.11,1076.11,0.0
2023,1,142,Ethiopia,ETH,1074.47,1074.47,0.0
2023,1,143,Suriname,SUR,1073.57,1073.57,0.0
2023,1,144,Lithuania,LTU,1069.97,1069.97,0.0
2023,1,145,St Kitts and Nevis,SKN,1066.81,1092.03,-25.22
2023,1,146,Eswatini,SWZ,1058.19,1058.82,-0.629999999999882
2023,1,147,Botswana,BOT,1054.31,1052.37,1.94000000000005
2023,1,148,Liberia,LBR,1049.94,1049.94,0.0
2023,1,149,"Hong Kong, China",HKG,1049.74,1049.74,0.0
2023,1,150,Indonesia,IDN,1047.46,1047.46,0.0
2023,1,151,Lesotho,LES,1038.68,1035.1,3.58000000000015
2023,1,152,Dominican Republic,DOM,1036.74,1036.74,0.0
2023,1,153,Chinese Taipei,TPE,1028.18,1028.18,0.0
2023,1,154,Andorra,AND,1022.3,1022.3,0.0
2023,1,155,Maldives,MDV,1021.85,1024.72,-2.87
2023,1,156,Yemen,YEM,1020.37,1020.37,0.0
2023,1,157,Afghanistan,AFG,1020.32,1020.32,0.0
2023,1,158,Singapore,SGP,1014.78,1014.78,0.0
2023,1,159,Papua New Guinea,PNG,1003.28,1003.28,0.0
2023,1,160,Myanmar,MYA,1000.26,1000.26,0.0
2023,1,161,New Caledonia,NCL,995.58,995.58,0.0
2023,1,162,Tahiti,TAH,995.11,995.11,0.0
2023,1,163,Puerto Rico,PUR,993.8,993.8,0.0
2023,1,164,Moldova,MDA,990.73,990.73,0.0
2023,1,165,Vanuatu,VAN,986.44,986.44,0.0
2023,1,166,Barbados,BRB,984.05,984.05,0.0
2023,1,167,South Sudan,SSD,983.35,983.35,0.0
2023,1,168,Guyana,GUY,981.69,981.69,0.0
2023,1,169,Fiji,FIJ,980.48,980.48,0.0
2023,1,170,St Lucia,LCA,978.91,978.91,0.0
2023,1,171,Malta,MLT,972.86,972.86,0.0
2023,1,172,Cuba,CUB,968.29,984.84,-16.5500000000001
2023,1,173,Bermuda,BER,966.27,966.27,0.0
2023,1,174,Grenada,GRN,960.77,960.77,0.0
2023,1,175,Nepal,NEP,958.05,959.36,-1.31000000000006
2023,1,176,Cambodia,CAM,942.97,942.97,0.0
2023,1,177,Belize,BLZ,939.96,939.96,0.0
2023,1,178,St Vincent and the Grenadines,VIN,938.28,938.28,0.0
2023,1,179,Montserrat,MSR,938.02,938.02,0.0
2023,1,180,Mauritius,MRI,936.09,936.03,0.0600000000000591
2023,1,181,Chad,CHA,930.22,930.22,0.0
2023,1,182,Macau,MAC,913.68,913.68,0.0
2023,1,183,Mongolia,MNG,908.71,908.71,0.0
2023,1,184,Dominica,DMA,904.88,904.88,0.0
2023,1,185,Bhutan,BHU,900.65,906.36,-5.71000000000004
2023,1,186,São Tomé and Príncipe,STP,900.07,900.07,0.0
2023,1,187,Laos,LAO,899.58,899.58,0.0
2023,1,188,Cook Islands,COK,899.33,899.33,0.0
2023,1,189,Bangladesh,BAN,892.44,889.5,2.94000000000005
2023,1,190,Brunei Darussalam,BRU,891.12,891.12,0.0
2023,1,191,Djibouti,DJI,889.2,889.2,0.0
2023,1,192,Timor-Leste,TLS,860.45,860.45,0.0
2023,1,193,Cayman Islands,CAY,859.83,859.83,0.0
2023,1,194,Seychelles,SEY,856.71,860.13,-3.41999999999996
2023,1,195,Eritrea,ERI,855.56,855.56,0.0
2023,1,196,Somalia,SOM,854.72,854.72,0.0
2023,1,197,Bahamas,BAH,852.87,852.87,0.0
2023,1,198,Gibraltar,GIB,851.64,851.64,0.0
2023,1,199,Aruba,ARU,850.88,850.88,0.0
2023,1,200,Liechtenstein,LIE,848.82,848.82,0.0
2023,1,201,Pakistan,PAK,847.67,852.13,-4.46000000000004
2023,1,202,Turks and Caicos Islands,TCA,839.39,839.39,0.0
2023,1,203,Guam,GUM,838.33,838.33,0.0
2023,1,204,Sri Lanka,SRI,825.25,825.25,0.0
2023,1,205,US Virgin Islands,VIR,816.59,816.59,0.0
2023,1,206,British Virgin Islands,VGB,804.11,804.11,0.0
2023,1,207,Anguilla,AIA,785.69,785.69,0.0
2023,1,208,San Marino,SMR,753.11,753.11,0.0
2023,2,1,Argentina,ARG,1855.2,1855.2,0.0
2023,2,2,France,FRA,1845.44,1845.44,0.0
2023,2,3,England,ENG,1800.05,1800.05,0.0
2023,2,4,Belgium,BEL,1798.46,1798.46,0.0
2023,2,5,Brazil,BRA,1784.09,1784.09,0.0
2023,2,6,Netherlands,NED,1745.48,1745.48,0.0
2023,2,7,Portugal,POR,1745.06,1745.06,0.0
2023,2,8,Spain,ESP,1732.64,1732.64,0.0
2023,2,9,Italy,ITA,1718.82,1718.82,0.0
2023,2,10,Croatia,CRO,1717.57,1717.57,0.0
2023,2,11,Uruguay,URU,1665.99,1665.99,0.0
2023,2,12,USA,USA,1665.27,1665.27,0.0
2023,2,13,Morocco,MAR,1661.69,1661.69,0.0
2023,2,14,Colombia,COL,1655.29,1651.2,4.08999999999992
2023,2,15,Mexico,MEX,1652.7,1655.21,-2.50999999999999
2023,2,16,Germany,GER,1631.22,1631.22,0.0
2023,2,17,Japan,JPN,1620.19,1620.19,0.0
2023,2,18,Switzerland,SUI,1613.44,1613.44,0.0
2023,2,19,Denmark,DEN,1601.31,1601.31,0.0
2023,2,20,Senegal,SEN,1594.31,1594.31,0.0
2023,2,21,IR Iran,IRN,1565.08,1565.08,0.0
2023,2,22,Ukraine,UKR,1553.35,1553.35,0.0
2023,2,23,Korea Republic,KOR,1550.65,1550.65,0.0
2023,2,24,Austria,AUT,1546.1,1546.1,0.0
2023,2,25,Australia,AUS,1539.22,1539.22,0.0
2023,2,26,Sweden,SWE,1530.19,1530.19,0.0
2023,2,27,Hungary,HUN,1525.13,1525.13,0.0
2023,2,28,Tunisia,TUN,1523.23,1523.23,0.0
2023,2,29,Wales,WAL,1521.88,1521.88,0.0
2023,2,30,Algeria,ALG,1520.26,1520.26,0.0
2023,2,31,Poland,POL,1520.24,1520.24,0.0
2023,2,32,Ecuador,ECU,1519.2,1519.2,0.0
2023,2,33,Egypt,EGY,1518.91,1518.91,0.0
2023,2,34,Serbia,SRB,1517.43,1517.43,0.0
2023,2,35,Peru,PER,1512.68,1512.68,0.0
2023,2,36,Scotland,SCO,1506.89,1506.89,0.0
2023,2,37,Türkiye,TUR,1505.28,1505.28,0.0
2023,2,38,Russia,RUS,1498.84,1498.84,0.0
2023,2,39,Czechia,CZE,1494.04,1494.04,0.0
2023,2,40,Chile,CHI,1489.82,1489.82,0.0
2023,2,41,Panama,PAN,1475.62,1475.62,0.0
2023,2,42,Nigeria,NGA,1474.44,1474.44,0.0
2023,2,43,Romania,ROU,1472.73,1472.73,0.0
2023,2,44,Norway,NOR,1472.36,1472.36,0.0
2023,2,45,Slovakia,SVK,1465.73,1465.73,0.0
2023,2,46,Cameroon,CMR,1463.06,1463.06,0.0
2023,2,47,Greece,GRE,1453.95,1453.95,0.0
2023,2,48,Canada,CAN,1453.76,1453.76,0.0
2023,2,49,Côte d'Ivoire,CIV,1447.65,1447.65,0.0
2023,2,50,Venezuela,VEN,1447.2,1448.77,-1.56999999999994
2023,2,51,Mali,MLI,1445.6,1445.6,0.0
2023,2,52,Costa Rica,CRC,1437.57,1437.57,0.0
2023,2,53,Paraguay,PAR,1430.73,1430.73,0.0
2023,2,54,Slovenia,SVN,1427.84,1427.84,0.0
2023,2,55,Jamaica,JAM,1421.54,1421.54,0.0
2023,2,56,Saudi Arabia,KSA,1421.06,1421.06,0.0
2023,2,57,Burkina Faso,BFA,1411.01,1411.01,0.0
2023,2,58,Qatar,QAT,1407.3,1407.3,0.0
2023,2,59,Finland,FIN,1401.31,1401.31,0.0
2023,2,60,Republic of Ireland,IRL,1399.6,1399.6,0.0
2023,2,61,Ghana,GHA,1384.19,1384.19,0.0
2023,2,62,Albania,ALB,1382.69,1382.69,0.0
2023,2,63,Iraq,IRQ,1365.98,1365.98,0.0
2023,2,64,United Arab Emirates,UAE,1364.46,1364.46,0.0
2023,2,65,North Macedonia,MKD,1362.17,1362.17,0.0
2023,2,66,South Africa,RSA,1357.08,1357.08,0.0
2023,2,67,Congo DR,COD,1356.66,1356.66,0.0
2023,2,68,Uzbekistan,UZB,1345.26,1345.26,0.0
2023,2,69,Bosnia and Herzegovina,BIH,1343.32,1343.32,0.0
2023,2,70,Montenegro,MNE,1342.64,1342.64,0.0
2023,2,71,Iceland,ISL,1338.39,1338.39,0.0
2023,2,72,Northern Ireland,NIR,1333.17,1333.17,0.0
2023,2,73,Cabo Verde,CPV,1329.8,1329.8,0.0
2023,2,74,Oman,OMA,1324.89,1324.89,0.0
2023,2,75,Israel,ISR,1323.43,1323.43,0.0
2023,2,76,Honduras,HON,1313.8,1313.8,0.0
2023,2,77,Georgia,GEO,1312.45,1312.45,0.0
2023,2,78,El Salvador,SLV,1306.14,1306.14,0.0
2023,2,79,China PR,CHN,1299.49,1299.49,0.0
2023,2,80,Guinea,GUI,1290.01,1290.01,0.0
2023,2,81,Bulgaria,BUL,1289.9,1289.9,0.0
2023,2,82,Gabon,GAB,1289.52,1289.52,0.0
2023,2,83,Luxembourg,LUX,1285.41,1285.41,0.0
2023,2,84,Zambia,ZAM,1284.56,1284.56,0.0
2023,2,85,Bolivia,BOL,1284.55,1284.55,0.0
2023,2,86,Bahrain,BHR,1277.29,1277.29,0.0
2023,2,87,Jordan,JOR,1272.63,1272.63,0.0
2023,2,88,Equatorial Guinea,EQG,1268.43,1268.43,0.0
2023,2,89,Haiti,HAI,1262.5,1262.5,0.0
2023,2,90,Curaçao,CUW,1262.48,1262.48,0.0
2023,2,91,Syria,SYR,1245.27,1245.27,0.0
2023,2,92,Uganda,UGA,1245.08,1245.08,0.0
2023,2,93,Armenia,ARM,1237.15,1237.15,0.0
2023,2,94,Vietnam,VIE,1235.58,1235.58,0.0
2023,2,95,Belarus,BLR,1232.8,1232.8,0.0
2023,2,96,Trinidad and Tobago,TRI,1228.05,1228.05,0.0
2023,2,97,Benin,BEN,1225.1,1225.1,0.0
2023,2,98,Kyrgyz Republic,KGZ,1224.14,1224.14,0.0
2023,2,99,Palestine,PLE,1217.6,1217.6,0.0
2023,2,100,Kazakhstan,KAZ,1215.16,1215.16,0.0
2023,2,101,Kosovo,KOS,1202.77,1202.77,0.0
2023,2,102,India,IND,1200.8,1200.8,0.0
2023,2,103,Guinea-Bissau,GNB,1197.83,1197.83,0.0
2023,2,104,Aotearoa New Zealand,NZL,1197.47,1197.47,0.0
2023,2,105,Mauritania,MTN,1195.25,1195.25,0.0
2023,2,106,Tajikistan,TJK,1195.07,1195.07,0.0
2023,2,107,Lebanon,LBN,1192.58,1192.58,0.0
2023,2,108,Guatemala,GUA,1189.98,1189.98,0.0
2023,2,109,Madagascar,MAD,1187.63,1187.63,0.0
2023,2,110,Kenya,KEN,1181.92,1181.92,0.0
2023,2,111,Mozambique,MOZ,1180.72,1180.72,0.0
2023,2,112,Congo,CGO,1179.8,1179.8,0.0
2023,2,113,Thailand,THA,1176.75,1176.75,0.0
2023,2,114,Azerbaijan,AZE,1174.22,1174.22,0.0
2023,2,115,Namibia,NAM,1168.38,1168.38,0.0
2023,2,116,Korea DPR,PRK,1168.12,1168.12,0.0
2023,2,117,Angola,ANG,1168.05,1168.05,0.0
2023,2,118,Togo,TOG,1165.74,1165.74,0.0
2023,2,119,Comoros,COM,1156.45,1156.45,0.0
2023,2,120,Libya,LBY,1155.23,1155.23,0.0
2023,2,121,Tanzania,TAN,1155.19,1155.19,0.0
2023,2,122,Estonia,EST,1149.7,1149.7,0.0
2023,2,123,Malawi,MWI,1149.4,1149.4,0.0
2023,2,124,Zimbabwe,ZIM,1144.56,1144.56,0.0
2023,2,125,Cyprus,CYP,1143.42,1143.42,0.0
2023,2,126,The Gambia,GAM,1140.06,1140.06,0.0
2023,2,127,Sierra Leone,SLE,1138.53,1138.53,0.0
2023,2,128,Sudan,SDN,1128.74,1128.74,0.0
2023,2,129,Niger,NIG,1127.75,1127.75,0.0
2023,2,130,Malaysia,MAS,1122.87,1122.87,0.0
2023,2,131,Central African Republic,CTA,1121.34,1121.34,0.0
2023,2,132,Solomon Islands,SOL,1113.57,1112.2,1.36999999999989
2023,2,133,Rwanda,RWA,1107.04,1107.04,0.0
2023,2,134,Nicaragua,NCA,1104.26,1104.26,0.0
2023,2,135,Faroe Islands,FRO,1102.1,1102.1,0.0
2023,2,136,Kuwait,KUW,1098.07,1098.07,0.0
2023,2,137,Latvia,LVA,1097.84,1097.84,0.0
2023,2,138,Lithuania,LTU,1086.93,1086.93,0.0
2023,2,139,Burundi,BDI,1086.62,1086.62,0.0
2023,2,140,Philippines,PHI,1086.17,1086.17,0.0
2023,2,141,Turkmenistan,TKM,1078.25,1078.25,0.0
2023,2,142,Antigua and Barbuda,ATG,1072.66,1072.66,0.0
2023,2,143,Suriname,SUR,1071.85,1071.85,0.0
2023,2,144,Ethiopia,ETH,1068.79,1068.79,0.0
2023,2,145,Botswana,BOT,1064.5,1064.5,0.0
2023,2,146,Indonesia,IDN,1064.01,1064.01,0.0
2023,2,147,St Kitts and Nevis,SKN,1057.05,1057.05,0.0
2023,2,148,Lesotho,LES,1047.27,1047.27,0.0
2023,2,149,Eswatini,SWZ,1045.88,1045.88,0.0
2023,2,150,"Hong Kong, China",HKG,1042.93,1042.93,0.0
2023,2,151,Dominican Republic,DOM,1040.77,1040.77,0.0
2023,2,152,Yemen,YEM,1027.94,1027.94,0.0
2023,2,153,Liberia,LBR,1024.11,1024.11,0.0
2023,2,154,Chinese Taipei,TPE,1023.93,1023.93,0.0
2023,2,155,Moldova,MDA,1022.6,1022.6,0.0
2023,2,156,Singapore,SGP,1020.5,1020.5,0.0
2023,2,157,Guyana,GUY,1018.14,1018.14,0.0
2023,2,158,Afghanistan,AFG,1017.68,1017.68,0.0
2023,2,159,New Caledonia,NCL,1008.92,1004.76,4.15999999999997
2023,2,160,Puerto Rico,PUR,1007.19,1007.19,0.0
2023,2,161,Maldives,MDV,1003.48,1003.48,0.0
2023,2,162,Myanmar,MYA,1000.46,1000.46,0.0
2023,2,163,Tahiti,TAH,999.48,994.97,4.50999999999999
2023,2,164,Andorra,AND,998.0,998.0,0.0
2023,2,165,Papua New Guinea,PNG,990.61,991.01,-0.399999999999977
2023,2,166,South Sudan,SSD,989.29,989.29,0.0
2023,2,167,St Lucia,LCA,988.67,988.67,0.0
2023,2,168,Fiji,FIJ,981.26,980.62,0.639999999999986
2023,2,169,Cuba,CUB,980.65,980.65,0.0
2023,2,170,Vanuatu,VAN,980.33,985.26,-4.92999999999995
2023,2,171,Bermuda,BER,972.36,972.36,0.0
2023,2,172,Malta,MLT,967.29,967.29,0.0
2023,2,173,St Vincent and the Grenadines,VIN,953.47,953.47,0.0
2023,2,174,Grenada,GRN,950.99,950.99,0.0
2023,2,175,Nepal,NEP,948.05,948.05,0.0
2023,2,176,Montserrat,MSR,946.08,946.08,0.0
2023,2,177,Mauritius,MRI,944.95,944.95,0.0
2023,2,178,Barbados,BRB,943.8,943.8,0.0
2023,2,179,Cambodia,CAM,931.47,931.47,0.0
2023,2,180,Dominica,DMA,922.25,922.25,0.0
2023,2,181,Chad,CHA,920.37,920.37,0.0
2023,2,182,Belize,BLZ,918.68,918.68,0.0
2023,2,183,Bangladesh,BAN,916.75,916.75,0.0
2023,2,184,Bhutan,BHU,913.02,913.02,0.0
2023,2,185,Cook Islands,COK,897.3,901.9,-4.60000000000002
2023,2,186,Samoa,SAM,896.78,896.28,0.5
2023,2,187,Macau,MAC,896.62,896.62,0.0
2023,2,188,American Samoa,ASA,890.97,893.67,-2.69999999999993
2023,2,189,Laos,LAO,889.62,889.62,0.0
2023,2,190,Mongolia,MNG,889.16,889.16,0.0
2023,2,191,São Tomé and Príncipe,STP,888.94,888.94,0.0
2023,2,192,Djibouti,DJI,881.18,881.18,0.0
2023,2,193,Aruba,ARU,879.32,879.32,0.0
2023,2,194,Brunei Darussalam,BRU,870.63,870.63,0.0
2023,2,195,Pakistan,PAK,856.54,856.54,0.0
2023,2,196,Tonga,TGA,856.18,853.49,2.68999999999994
2023,2,197,Cayman Islands,CAY,851.19,851.19,0.0
2023,2,198,Somalia,SOM,845.66,845.66,0.0
2023,2,199,Seychelles,SEY,845.53,845.53,0.0
2023,2,200,Timor-Leste,TLS,843.4,843.4,0.0
2023,2,201,Gibraltar,GIB,840.8,840.8,0.0
2023,2,202,Bahamas,BAH,835.81,835.81,0.0
2023,2,203,Liechtenstein,LIE,833.01,833.01,0.0
2023,2,204,Sri Lanka,SRI,822.03,822.03,0.0
2023,2,205,Guam,GUM,821.91,821.91,0.0
2023,2,206,Turks and Caicos Islands,TCA,818.57,818.57,0.0
2023,2,207,British Virgin Islands,VGB,807.57,807.57,0.0
2023,2,208,US Virgin Islands,VIR,796.78,796.78,0.0
2023,2,209,Anguilla,AIA,785.69,785.69,0.0
2023,2,210,San Marino,SMR,741.61,741.61,0.0
2022,2,1,Brazil,BRA,1840.77,1841.3,-0.529999999999973
2024,1,1,Argentina,ARG,1901.48,1860.14,41.3399999999999
2024,1,2,France,FRA,1854.91,1837.47,17.4400000000001
2024,1,3,Spain,ESP,1835.67,1729.92,105.75
2024,1,4,England,ENG,1812.26,1787.88,24.3799999999999
2024,1,5,Brazil,BRA,1785.61,1791.85,-6.24000000000001
2024,1,6,Belgium,BEL,1772.44,1797.98,-25.54
2024,1,7,Netherlands,NED,1758.51,1746.66,11.8499999999999
2024,1,8,Portugal,POR,1741.43,1747.04,-5.6099999999999
2024,1,9,Colombia,COL,1727.32,1669.44,57.8799999999999
2024,1,10,Italy,ITA,1714.29,1724.37,-10.0799999999999
2024,1,11,Uruguay,URU,1713.15,1663.44,49.71
2024,1,12,Croatia,CRO,1701.31,1728.3,-26.99
2024,1,13,Germany,GER,1686.02,1646.78,39.24
2024,1,14,Morocco,MAR,1669.44,1669.44,0.0
2024,1,15,Switzerland,SUI,1654.1,1617.24,36.8599999999999
2024,1,16,USA,USA,1641.75,1676.52,-34.77
2024,1,17,Mexico,MEX,1635.11,1652.33,-17.22
2024,1,18,Japan,JPN,1628.81,1628.81,0.0
2024,1,19,Senegal,SEN,1623.34,1623.34,0.0
2024,1,20,IR Iran,IRN,1611.16,1611.16,0.0
2024,1,21,Denmark,DEN,1607.52,1610.76,-3.24000000000001
2024,1,22,Austria,AUT,1591.56,1560.03,31.53
2024,1,23,Korea Republic,KOR,1572.87,1572.87,0.0
2024,1,24,Australia,AUS,1571.29,1571.29,0.0
2024,1,25,Ukraine,UKR,1567.25,1565.37,1.88000000000011
2024,1,26,Türkiye,TUR,1533.6,1493.38,40.2199999999998
2024,1,27,Ecuador,ECU,1530.44,1517.54,12.9000000000001
2024,1,28,Poland,POL,1523.53,1541.49,-17.96
2024,1,29,Sweden,SWE,1522.19,1522.19,0.0
2024,1,30,Wales,WAL,1521.4,1521.4,0.0
2024,1,31,Hungary,HUN,1518.77,1529.0,-10.23
2024,1,32,Serbia,SRB,1506.9,1514.76,-7.8599999999999
2024,1,33,Russia,RUS,1506.58,1506.58,0.0
2024,1,34,Qatar,QAT,1504.06,1504.06,0.0
2024,1,35,Panama,PAN,1502.55,1482.1,20.45
2024,1,36,Egypt,EGY,1502.34,1502.34,0.0
2024,1,37,Venezuela,VEN,1501.46,1442.29,59.1700000000001
2024,1,38,Côte d'Ivoire,CIV,1499.69,1499.69,0.0
2024,1,39,Nigeria,NGA,1498.93,1498.93,0.0
2024,1,40,Canada,CAN,1494.66,1461.74,32.9200000000001
2024,1,41,Tunisia,TUN,1494.06,1494.06,0.0
2024,1,42,Peru,PER,1489.68,1515.01,-25.3299999999999
2024,1,43,Chile,CHI,1489.5,1496.13,-6.63000000000011
2024,1,44,Slovakia,SVK,1479.07,1467.77,11.3
2024,1,45,Romania,ROU,1474.7,1462.35,12.3500000000001
2024,1,46,Algeria,ALG,1474.13,1474.13,0.0
2024,1,47,Czechia,CZE,1473.46,1506.23,-32.77
2024,1,48,Scotland,SCO,1472.3,1497.18,-24.8800000000001
2024,1,49,Costa Rica,CRC,1469.69,1454.2,15.49
2024,1,50,Norway,NOR,1466.48,1466.48,0.0
2024,1,51,Cameroon,CMR,1458.47,1458.47,0.0
2024,1,52,Slovenia,SVN,1457.06,1429.74,27.3199999999999
2024,1,53,Mali,MLI,1456.74,1456.74,0.0
2024,1,54,Greece,GRE,1455.95,1455.95,0.0
2024,1,55,Iraq,IRQ,1433.07,1433.07,0.0
2024,1,56,Saudi Arabia,KSA,1431.3,1431.3,0.0
2024,1,57,South Africa,RSA,1415.15,1416.66,-1.50999999999999
2024,1,58,Republic of Ireland,IRL,1403.84,1403.84,0.0
2024,1,59,Jamaica,JAM,1401.56,1442.82,-41.26
2024,1,60,Congo DR,COD,1400.93,1400.93,0.0
2024,1,61,Uzbekistan,UZB,1397.41,1397.41,0.0
2024,1,62,Paraguay,PAR,1396.8,1427.11,-30.3099999999999
2024,1,63,Finland,FIN,1393.4,1393.4,0.0
2024,1,64,Ghana,GHA,1381.25,1381.25,0.0
2024,1,65,Cabo Verde,CPV,1380.53,1380.53,0.0
2024,1,66,Albania,ALB,1375.49,1379.4,-3.91000000000008
2024,1,67,Burkina Faso,BFA,1375.16,1375.16,0.0
2024,1,68,Jordan,JOR,1374.13,1374.13,0.0
2024,1,69,United Arab Emirates,UAE,1368.84,1368.84,0.0
2024,1,70,Georgia,GEO,1361.41,1338.91,22.5
2024,1,71,Iceland,ISL,1353.48,1353.48,0.0
2024,1,72,North Macedonia,MKD,1348.63,1348.63,0.0
2024,1,73,Montenegro,MNE,1345.02,1345.02,0.0
2024,1,74,Northern Ireland,NIR,1341.33,1341.33,0.0
2024,1,75,Bosnia and Herzegovina,BIH,1332.3,1332.3,0.0
2024,1,76,Oman,OMA,1326.18,1326.18,0.0
2024,1,77,Guinea,GUI,1324.8,1324.8,0.0
2024,1,78,Israel,ISR,1312.54,1312.54,0.0
2024,1,79,Honduras,HON,1311.48,1313.05,-1.56999999999994
2024,1,80,Bahrain,BHR,1302.86,1302.86,0.0
2024,1,81,El Salvador,SLV,1302.11,1303.65,-1.54000000000019
2024,1,82,Bulgaria,BUL,1295.5,1295.5,0.0
2024,1,83,Gabon,GAB,1288.45,1288.45,0.0
2024,1,84,Luxembourg,LUX,1276.73,1276.73,0.0
2024,1,85,Haiti,HAI,1274.46,1274.46,0.0
2024,1,86,Curaçao,CUW,1272.71,1272.71,0.0
2024,1,87,China PR,CHN,1267.51,1267.51,0.0
2024,1,88,Equatorial Guinea,EQG,1260.5,1260.5,0.0
2024,1,89,Bolivia,BOL,1258.56,1282.43,-23.8700000000001
2024,1,90,Angola,ANG,1255.65,1248.94,6.71000000000004
2024,1,91,Benin,BEN,1254.18,1254.18,0.0
2024,1,92,Zambia,ZAM,1249.54,1258.4,-8.86000000000013
2024,1,93,Syria,SYR,1246.68,1246.68,0.0
2024,1,94,Aotearoa New Zealand,NZL,1245.73,1197.68,48.05
2024,1,95,Uganda,UGA,1242.96,1242.96,0.0
2024,1,96,Palestine,PLE,1231.25,1231.25,0.0
2024,1,97,Armenia,ARM,1230.79,1230.79,0.0
2024,1,98,Namibia,NAM,1221.42,1219.83,1.59000000000015
2024,1,99,Belarus,BLR,1219.78,1219.78,0.0
2024,1,100,Trinidad and Tobago,TRI,1219.44,1219.44,0.0
2024,1,101,Thailand,THA,1218.56,1218.56,0.0
2024,1,102,Kyrgyz Republic,KGZ,1213.58,1213.58,0.0
2024,1,103,Tajikistan,TJK,1212.41,1212.41,0.0
2024,1,104,Mozambique,MOZ,1208.87,1205.82,3.04999999999995
2024,1,105,Madagascar,MAD,1203.66,1203.66,0.0
2024,1,106,Kosovo,KOS,1203.16,1203.16,0.0
2024,1,107,Guatemala,GUA,1198.84,1199.21,-0.370000000000118
2024,1,108,Kenya,KEN,1197.73,1195.45,2.27999999999997
2024,1,109,Kazakhstan,KAZ,1193.62,1193.62,0.0
2024,1,110,Korea DPR,PRK,1183.96,1183.96,0.0
2024,1,111,Azerbaijan,AZE,1179.88,1179.88,0.0
2024,1,112,Mauritania,MTN,1177.5,1177.5,0.0
2024,1,113,Tanzania,TAN,1174.99,1174.99,0.0
2024,1,114,Guinea-Bissau,GNB,1168.49,1168.49,0.0
2024,1,115,Vietnam,VIE,1168.02,1168.02,0.0
2024,1,116,Lebanon,LBN,1167.64,1167.64,0.0
2024,1,117,Libya,LBY,1165.73,1165.73,0.0
2024,1,118,Congo,CGO,1162.73,1176.45,-13.72
2024,1,119,Comoros,COM,1159.84,1158.71,1.12999999999988
2024,1,120,Togo,TOG,1158.7,1158.7,0.0
2024,1,121,Sudan,SDN,1152.29,1152.29,0.0
2024,1,122,Sierra Leone,SLE,1149.4,1149.4,0.0
2024,1,123,Estonia,EST,1146.47,1146.47,0.0
2024,1,124,India,IND,1139.39,1139.39,0.0
2024,1,125,Niger,NIG,1139.21,1125.5,13.71
2024,1,126,Malawi,MWI,1137.83,1137.83,0.0
2024,1,127,Cyprus,CYP,1136.78,1136.78,0.0
2024,1,128,Central African Republic,CTA,1129.3,1129.3,0.0
2024,1,129,Zimbabwe,ZIM,1126.15,1122.54,3.61000000000013
2024,1,130,Nicaragua,NCA,1119.88,1119.88,0.0
2024,1,131,Rwanda,RWA,1114.15,1114.15,0.0
2024,1,132,The Gambia,GAM,1112.55,1112.55,0.0
2024,1,133,Indonesia,IDN,1108.73,1108.73,0.0
2024,1,134,Malaysia,MAS,1107.58,1107.58,0.0
2024,1,135,Lithuania,LTU,1100.66,1100.66,0.0
2024,1,136,Kuwait,KUW,1098.42,1098.42,0.0
2024,1,137,Latvia,LVA,1095.98,1095.98,0.0
2024,1,138,Faroe Islands,FRO,1093.7,1093.7,0.0
2024,1,139,Burundi,BDI,1091.24,1091.24,0.0
2024,1,140,Suriname,SUR,1087.77,1087.77,0.0
2024,1,141,Solomon Islands,SOL,1075.06,1111.02,-35.96
2024,1,142,Liberia,LBR,1067.05,1067.05,0.0
2024,1,143,Ethiopia,ETH,1066.16,1066.16,0.0
2024,1,144,Turkmenistan,TKM,1065.42,1065.42,0.0
2024,1,145,Botswana,BOT,1063.64,1064.19,-0.549999999999955
2024,1,146,St Kitts and Nevis,SKN,1059.53,1059.53,0.0
2024,1,147,Philippines,PHI,1053.03,1053.03,0.0
2024,1,148,Antigua and Barbuda,ATG,1052.8,1052.8,0.0
2024,1,149,Lesotho,LES,1046.54,1050.83,-4.28999999999996
2024,1,150,Dominican Republic,DOM,1045.64,1045.64,0.0
2024,1,151,Afghanistan,AFG,1034.37,1034.37,0.0
2024,1,152,Moldova,MDA,1033.75,1033.75,0.0
2024,1,153,Fiji,FIJ,1033.09,983.81,49.28
2024,1,154,Guyana,GUY,1026.61,1026.61,0.0
2024,1,155,Eswatini,SWZ,1025.28,1025.18,0.0999999999999091
2024,1,156,Yemen,YEM,1021.24,1021.24,0.0
2024,1,157,Puerto Rico,PUR,1020.22,1020.22,0.0
2024,1,158,Tahiti,TAH,1016.83,999.48,17.35
2024,1,159,"Hong Kong, China",HKG,1011.91,1011.91,0.0
2024,1,160,New Caledonia,NCL,1008.92,1008.92,0.0
2024,1,161,Singapore,SGP,1008.26,1008.26,0.0
2024,1,162,Vanuatu,VAN,1005.49,972.14,33.35
2024,1,163,Maldives,MDV,1003.48,1003.48,0.0
2024,1,164,Andorra,AND,996.05,996.05,0.0
2024,1,165,Chinese Taipei,TPE,991.34,991.34,0.0
2024,1,166,Myanmar,MYA,988.98,988.98,0.0
2024,1,167,Cuba,CUB,984.92,975.01,9.90999999999997
2024,1,168,Papua New Guinea,PNG,984.23,985.32,-1.09000000000003
2024,1,169,South Sudan,SSD,980.02,980.02,0.0
2024,1,170,St Lucia,LCA,979.57,979.57,0.0
2024,1,171,Bermuda,BER,971.15,971.15,0.0
2024,1,172,Malta,MLT,970.62,970.62,0.0
2024,1,173,Grenada,GRN,953.67,953.67,0.0
2024,1,174,St Vincent and the Grenadines,VIN,938.4,938.4,0.0
2024,1,175,Nepal,NEP,935.93,935.93,0.0
2024,1,176,Montserrat,MSR,934.46,934.46,0.0
2024,1,177,Barbados,BRB,932.64,932.64,0.0
2024,1,178,Chad,CHA,929.97,929.97,0.0
2024,1,179,Mauritius,MRI,927.94,927.94,0.0
2024,1,180,Cambodia,CAM,924.52,924.52,0.0
2024,1,181,Dominica,DMA,912.93,912.93,0.0
2024,1,182,Bhutan,BHU,904.1,904.1,0.0
2024,1,183,Belize,BLZ,901.43,901.43,0.0
2024,1,184,Bangladesh,BAN,896.67,896.67,0.0
2024,1,185,Macau,MAC,896.62,896.62,0.0
2024,1,186,Cook Islands,COK,896.59,896.59,0.0
2024,1,187,American Samoa,ASA,890.97,890.97,0.0
2024,1,188,Laos,LAO,889.62,889.62,0.0
2024,1,189,Mongolia,MNG,884.92,884.92,0.0
2024,1,190,Brunei Darussalam,BRU,881.73,881.73,0.0
2024,1,191,São Tomé and Príncipe,STP,878.09,878.09,0.0
2024,1,192,Samoa,SAM,876.45,920.54,-44.0899999999999
2024,1,193,Djibouti,DJI,875.13,875.13,0.0
2024,1,194,Aruba,ARU,873.9,873.9,0.0
2024,1,195,Cayman Islands,CAY,855.43,865.34,-9.91000000000008
2024,1,196,Timor-Leste,TLS,843.4,843.4,0.0
2024,1,197,Pakistan,PAK,842.59,842.59,0.0
2024,1,198,Gibraltar,GIB,836.14,836.14,0.0
2024,1,199,Liechtenstein,LIE,835.83,835.83,0.0
2024,1,200,Tonga,TGA,833.12,833.12,0.0
2024,1,201,Seychelles,SEY,831.19,831.96,-0.769999999999982
2024,1,202,Somalia,SOM,829.81,829.81,0.0
2024,1,203,Bahamas,BAH,823.58,823.58,0.0
2024,1,204,Guam,GUM,821.91,821.91,0.0
2024,1,205,Sri Lanka,SRI,820.32,820.32,0.0
2024,1,206,Turks and Caicos Islands,TCA,817.03,817.03,0.0
2024,1,207,British Virgin Islands,VGB,801.29,801.29,0.0
2024,1,208,US Virgin Islands,VIR,797.29,797.29,0.0
2024,1,209,Anguilla,AIA,779.86,779.86,0.0
2024,1,210,San Marino,SMR,739.64,739.64,0.0
2021,2,1,Belgium,BEL,1828.45,1828.45,0.0
2020,2,1,Belgium,BEL,1780.0,1780.0,0.0
2019,2,1,Belgium,BEL,1765.0,1765.0,0.0
2018,2,1,Belgium,BEL,1727.0,1727.0,0.0
2017,2,1,Germany,GER,1602.0,1602.0,0.0
2016,2,1,Argentina,ARG,1634.0,1634.0,0.0
2015,2,1,Belgium,BEL,1494.0,1440.0,54.0
2014,2,1,Germany,GER,1725.0,1725.0,0.0
2013,2,1,Spain,ESP,1507.0,1507.0,0.0
2012,2,1,Spain,ESP,1606.0,1564.0,42.0
2011,2,1,Spain,ESP,1564.0,1564.0,0.0
2010,2,1,Spain,ESP,1887.0,1920.0,-33.0
2009,2,1,Spain,ESP,1627.0,1622.0,5.0
2008,2,1,Spain,ESP,1663.0,1657.0,6.0
2007,2,1,Argentina,ARG,1523.0,1523.0,0.0
2006,2,1,Brazil,BRA,1588.0,1588.0,0.0
2005,2,1,Brazil,BRA,840.0,841.0,-1.0
2004,2,1,Brazil,BRA,843.0,847.0,-4.0
2003,2,1,Brazil,BRA,848.0,852.0,-4.0
2002,2,1,Brazil,BRA,856.0,857.0,-1.0
2001,2,1,France,FRA,812.0,811.0,1.0
2000,2,1,Brazil,BRA,821.0,818.0,3.0
1999,2,1,Brazil,BRA,839.0,838.0,1.0
2022,2,2,Argentina,ARG,1838.38,1773.88,64.5
2022,2,3,France,FRA,1823.39,1759.78,63.6100000000001
2022,2,4,Belgium,BEL,1781.3,1816.71,-35.4100000000001
2022,2,5,England,ENG,1774.19,1728.47,45.72
2022,2,6,Netherlands,NED,1740.92,1694.51,46.4100000000001
2022,2,7,Croatia,CRO,1727.62,1645.64,81.9799999999998
2022,2,8,Italy,ITA,1723.56,1726.14,-2.58000000000015
2022,2,9,Portugal,POR,1702.54,1676.56,25.98
2022,2,10,Spain,ESP,1692.71,1715.22,-22.51
2022,2,11,Morocco,MAR,1672.35,1563.5,108.85
2022,2,12,Switzerland,SUI,1655.02,1635.92,19.0999999999999
2022,2,13,USA,USA,1652.74,1627.48,25.26
2022,2,14,Germany,GER,1646.91,1650.21,-3.29999999999995
2022,2,15,Mexico,MEX,1635.78,1644.89,-9.11000000000013
2022,2,16,Uruguay,URU,1627.45,1638.71,-11.26
2022,2,17,Colombia,COL,1612.78,1611.04,1.74000000000001
2022,2,18,Denmark,DEN,1608.11,1666.57,-58.46
2022,2,19,Senegal,SEN,1603.98,1584.38,19.5999999999999
2022,2,20,Japan,JPN,1593.08,1559.54,33.54
2022,2,21,Peru,PER,1564.3,1561.01,3.28999999999996
2022,2,22,Poland,POL,1559.83,1548.59,11.24
2022,2,23,Sweden,SWE,1558.45,1553.33,5.12000000000012
2022,2,24,IR Iran,IRN,1551.73,1564.61,-12.8799999999999
2022,2,25,Korea Republic,KOR,1539.49,1530.3,9.19000000000005
2022,2,26,Ukraine,UKR,1536.99,1536.99,0.0
2022,2,27,Australia,AUS,1533.97,1488.72,45.25
2022,2,28,Wales,WAL,1530.28,1569.82,-39.54
2022,2,29,Serbia,SRB,1526.46,1563.62,-37.1599999999999
2022,2,30,Tunisia,TUN,1526.2,1507.54,18.6600000000001
2022,2,31,Chile,CHI,1506.91,1509.61,-2.69999999999982
2022,2,32,Costa Rica,CRC,1500.18,1503.59,-3.40999999999985
2022,2,33,Cameroon,CMR,1499.3,1471.44,27.8599999999999
2022,2,34,Austria,AUT,1497.24,1492.95,4.28999999999996
2022,2,35,Nigeria,NGA,1494.32,1498.47,-4.15000000000009
2022,2,36,Hungary,HUN,1493.33,1492.2,1.12999999999988
2022,2,37,Russia,RUS,1491.26,1496.11,-4.84999999999991
2022,2,38,Czechia,CZE,1490.61,1492.21,-1.60000000000014
2022,2,39,Egypt,EGY,1490.34,1486.44,3.89999999999986
2022,2,40,Algeria,ALG,1486.72,1489.1,-2.37999999999988
2022,2,41,Ecuador,ECU,1477.32,1464.39,12.9299999999998
2022,2,42,Scotland,SCO,1476.94,1479.53,-2.58999999999992
2022,2,43,Norway,NOR,1475.05,1473.04,2.00999999999999
2022,2,44,Türkiye,TUR,1465.38,1460.14,5.24000000000001
2022,2,45,Mali,MLI,1449.05,1448.85,0.200000000000045
2022,2,46,Paraguay,PAR,1445.06,1448.77,-3.71000000000004
2022,2,47,Côte d'Ivoire,CIV,1441.49,1443.06,-1.56999999999994
2022,2,48,Republic of Ireland,IRL,1438.59,1440.19,-1.60000000000014
2022,2,49,Saudi Arabia,KSA,1438.13,1437.78,0.350000000000136
2022,2,50,Burkina Faso,BFA,1434.81,1432.25,2.55999999999995
2022,2,51,Greece,GRE,1433.59,1437.6,-4.00999999999999
2022,2,52,Romania,ROU,1432.64,1434.68,-2.03999999999996
2022,2,53,Canada,CAN,1431.64,1475.0,-43.3599999999999
2022,2,54,Slovakia,SVK,1425.58,1425.59,-0.0099999999999909
2022,2,55,Venezuela,VEN,1406.1,1404.37,1.73000000000002
2022,2,56,Finland,FIN,1405.71,1405.6,0.110000000000127
2022,2,57,Bosnia and Herzegovina,BIH,1403.51,1403.51,0.0
2022,2,58,Ghana,GHA,1400.02,1393.0,7.01999999999998
2022,2,59,Northern Ireland,NIR,1396.55,1396.55,0.0
2022,2,60,Qatar,QAT,1393.56,1439.89,-46.3300000000002
2022,2,61,Panama,PAN,1391.7,1393.28,-1.57999999999993
2022,2,62,Slovenia,SVN,1389.06,1384.04,5.01999999999998
2022,2,63,Iceland,ISL,1380.35,1384.41,-4.06000000000017
2022,2,64,Jamaica,JAM,1379.29,1378.86,0.430000000000064
2022,2,65,North Macedonia,MKD,1355.28,1358.51,-3.23000000000002
2022,2,66,Albania,ALB,1353.03,1354.11,-1.07999999999993
2022,2,67,South Africa,RSA,1350.36,1349.59,0.769999999999982
2022,2,68,Iraq,IRQ,1342.39,1343.01,-0.619999999999891
2022,2,69,Montenegro,MNE,1339.15,1341.03,-1.87999999999988
2022,2,70,United Arab Emirates,UAE,1338.48,1337.57,0.910000000000082
2022,2,71,Bulgaria,BUL,1336.71,1335.36,1.35000000000014
2022,2,72,Cabo Verde,CPV,1336.05,1336.05,0.0
2022,2,73,Congo DR,COD,1333.92,1333.92,0.0
2022,2,74,El Salvador,SLV,1326.86,1330.51,-3.65000000000009
2022,2,75,Oman,OMA,1321.24,1320.29,0.950000000000045
2022,2,76,Israel,ISR,1315.67,1316.55,-0.879999999999882
2022,2,77,Uzbekistan,UZB,1312.64,1309.98,2.66000000000008
2022,2,78,Georgia,GEO,1305.98,1307.34,-1.3599999999999
2022,2,79,Gabon,GAB,1305.47,1301.84,3.63000000000011
2022,2,80,China PR,CHN,1305.06,1305.06,0.0
2022,2,81,Honduras,HON,1300.78,1301.98,-1.20000000000005
2022,2,82,Bolivia,BOL,1294.96,1296.28,-1.31999999999994
2022,2,83,Guinea,GUI,1290.47,1290.47,0.0
2022,2,84,Jordan,JOR,1289.99,1289.99,0.0
2022,2,85,Bahrain,BHR,1280.27,1280.64,-0.370000000000118
2022,2,86,Curaçao,CUW,1278.64,1278.64,0.0
2022,2,87,Haiti,HAI,1269.07,1269.07,0.0
2022,2,88,Zambia,ZAM,1265.15,1267.41,-2.25999999999999
2022,2,89,Uganda,UGA,1260.69,1260.69,0.0
2022,2,90,Syria,SYR,1251.46,1255.92,-4.46000000000004
2022,2,91,Benin,BEN,1247.47,1247.47,0.0
2022,2,92,Luxembourg,LUX,1245.35,1243.8,1.54999999999995
2022,2,93,Palestine,PLE,1233.72,1233.72,0.0
2022,2,94,Kyrgyz Republic,KGZ,1232.91,1230.22,2.69000000000005
2022,2,95,Armenia,ARM,1231.76,1233.93,-2.17000000000007
2022,2,96,Vietnam,VIE,1228.63,1226.65,1.98000000000002
2022,2,97,Belarus,BLR,1221.68,1221.06,0.620000000000118
2022,2,98,Equatorial Guinea,EQG,1215.66,1215.66,0.0
2022,2,99,Congo,CGO,1208.79,1208.79,0.0
2022,2,100,Lebanon,LBN,1208.47,1211.71,-3.24000000000001
2022,2,101,Kenya,KEN,1202.26,1202.26,0.0
2022,2,102,Madagascar,MAD,1200.74,1200.74,0.0
2022,2,103,Mauritania,MTN,1197.58,1197.58,0.0
2022,2,104,Trinidad and Tobago,TRI,1195.29,1195.29,0.0
2022,2,105,New Zealand,NZL,1193.98,1193.98,0.0
2022,2,106,India,IND,1192.09,1192.09,0.0
2022,2,107,Kosovo,KOS,1187.03,1187.01,0.0199999999999818
2022,2,108,Tajikistan,TJK,1187.02,1185.7,1.31999999999994
2022,2,109,Estonia,EST,1186.27,1184.64,1.62999999999988
2022,2,110,Cyprus,CYP,1185.17,1183.82,1.35000000000014
2022,2,111,Thailand,THA,1173.4,1174.92,-1.51999999999998
2022,2,112,Korea DPR,PRK,1169.96,1169.96,0.0
2022,2,113,Namibia,NAM,1164.13,1164.13,0.0
2022,2,114,Mozambique,MOZ,1163.56,1165.22,-1.66000000000008
2022,2,115,Kazakhstan,KAZ,1163.09,1166.63,-3.54000000000019
2022,2,116,Sierra Leone,SLE,1160.31,1160.31,0.0
2022,2,117,Angola,ANG,1158.81,1155.9,2.90999999999985
2022,2,118,Guinea-Bissau,GNB,1158.77,1160.71,-1.94000000000005
2022,2,119,Guatemala,GUA,1157.56,1156.7,0.8599999999999
2022,2,120,Libya,LBY,1156.74,1154.25,2.49000000000001
2022,2,121,Azerbaijan,AZE,1151.82,1146.72,5.09999999999991
2022,2,122,Niger,NIG,1148.53,1152.8,-4.26999999999998
2022,2,123,Faroe Islands,FRO,1146.31,1147.17,-0.860000000000127
2022,2,124,Malawi,MWI,1144.97,1144.97,0.0
2022,2,125,Zimbabwe,ZIM,1138.56,1138.56,0.0
2022,2,126,The Gambia,GAM,1137.57,1137.47,0.0999999999999091
2022,2,127,Togo,TOG,1128.92,1128.92,0.0
2022,2,128,Sudan,SDN,1127.34,1127.34,0.0
2022,2,129,Comoros,COM,1123.18,1123.18,0.0
2022,2,130,Tanzania,TAN,1119.89,1119.89,0.0
2022,2,131,Antigua and Barbuda,ATG,1117.01,1117.01,0.0
2022,2,132,Central African Republic,CTA,1116.97,1116.97,0.0
2022,2,133,Latvia,LVA,1116.96,1114.21,2.75
2022,2,134,Philippines,PHI,1113.15,1115.13,-1.98000000000002
2022,2,135,Turkmenistan,TKM,1100.47,1100.47,0.0
2022,2,136,Solomon Islands,SOL,1095.7,1095.7,0.0
2022,2,137,Rwanda,RWA,1093.66,1093.66,0.0
2022,2,138,Ethiopia,ETH,1091.19,1091.19,0.0
2022,2,139,Suriname,SUR,1077.3,1077.3,0.0
2022,2,140,St Kitts and Nevis,SKN,1076.91,1076.91,0.0
2022,2,141,Burundi,BDI,1075.27,1076.26,-0.990000000000009
2022,2,142,Nicaragua,NCA,1071.74,1071.83,-0.0899999999999181
2022,2,143,Eswatini,SWZ,1070.89,1070.89,0.0
2022,2,144,Lithuania,LTU,1069.12,1069.75,-0.630000000000109
2022,2,145,Malaysia,MAS,1066.6,1062.32,4.27999999999997
2022,2,146,Hong Kong,HKG,1062.39,1062.39,0.0
2022,2,147,Lesotho,LES,1061.4,1061.4,0.0
2022,2,148,Kuwait,KUW,1056.64,1053.41,3.23000000000002
2022,2,149,Botswana,BOT,1054.43,1056.46,-2.02999999999997
2022,2,150,Liberia,LBR,1049.66,1049.66,0.0
2022,2,151,Indonesia,IDN,1033.9,1033.9,0.0
2022,2,152,Dominican Republic,DOM,1031.86,1031.86,0.0
2022,2,153,Andorra,AND,1031.13,1035.2,-4.06999999999994
2022,2,154,Yemen,YEM,1023.52,1023.52,0.0
2022,2,155,Afghanistan,AFG,1023.04,1023.04,0.0
2022,2,156,Maldives,MDV,1021.18,1026.09,-4.90999999999997
2022,2,157,Chinese Taipei,TPE,1021.02,1017.78,3.24000000000001
2022,2,158,Papua New Guinea,PNG,1007.46,1007.46,0.0
2022,2,159,Myanmar,MYA,1006.16,1007.89,-1.73000000000002
2022,2,160,Singapore,SGP,1006.1,1003.5,2.60000000000002
2022,2,161,New Caledonia,NCL,995.58,995.58,0.0
2022,2,162,Tahiti,TAH,995.11,995.11,0.0
2022,2,163,Fiji,FIJ,989.43,989.43,0.0
2022,2,164,Vanuatu,VAN,985.62,985.62,0.0
2022,2,165,South Sudan,SSD,983.99,983.99,0.0
2022,2,166,Barbados,BRB,982.27,982.27,0.0
2022,2,167,Malta,MLT,978.95,977.92,1.03000000000009
2022,2,168,Cuba,CUB,978.65,978.65,0.0
2022,2,169,Bermuda,BER,977.47,977.47,0.0
2022,2,170,Puerto Rico,PUR,974.32,974.32,0.0
2022,2,171,Guyana,GUY,968.74,968.74,0.0
2022,2,172,St Lucia,LCA,964.73,965.66,-0.92999999999995
2022,2,173,Grenada,GRN,963.72,963.72,0.0
2022,2,174,Moldova,MDA,958.88,961.23,-2.35000000000002
2022,2,175,Nepal,NEP,956.94,954.86,2.08000000000004
2022,2,176,Belize,BLZ,950.88,950.88,0.0
2022,2,177,Cambodia,CAM,946.66,948.62,-1.96000000000004
2022,2,178,St Vincent and the Grenadines,VIN,945.25,945.25,0.0
2022,2,179,Montserrat,MSR,940.78,940.78,0.0
2022,2,180,Mauritius,MRI,932.02,932.02,0.0
2022,2,181,Chad,CHA,930.22,930.22,0.0
2022,2,182,Macau,MAC,922.1,922.1,0.0
2022,2,183,Mongolia,MNG,913.55,913.55,0.0
2022,2,184,Dominica,DMA,911.51,911.51,0.0
2022,2,185,Bhutan,BHU,910.96,910.96,0.0
2022,2,186,São Tomé and Príncipe,STP,908.18,908.18,0.0
2022,2,187,Laos,LAO,905.51,905.51,0.0
2022,2,188,American Samoa,ASA,900.27,900.27,0.0
2022,2,189,Cook Islands,COK,899.33,899.33,0.0
2022,2,190,Brunei Darussalam,BRU,898.02,898.41,-0.389999999999986
2022,2,191,Samoa,SAM,894.26,894.26,0.0
2022,2,192,Bangladesh,BAN,884.45,884.45,0.0
2022,2,193,Djibouti,DJI,875.05,875.05,0.0
2022,2,194,Cayman Islands,CAY,865.72,865.72,0.0
2022,2,195,Pakistan,PAK,864.72,866.81,-2.08999999999992
2022,2,196,Tonga,TGA,861.81,861.81,0.0
2022,2,197,Timor-Leste,TLS,860.45,860.06,0.3900000000001
2022,2,198,Liechtenstein,LIE,859.84,862.39,-2.54999999999995
2022,2,199,Seychelles,SEY,859.56,859.56,0.0
2022,2,200,Gibraltar,GIB,858.04,852.16,5.88
2022,2,201,Eritrea,ERI,855.56,855.56,0.0
2022,2,202,Aruba,ARU,855.37,855.37,0.0
2022,2,203,Bahamas,BAH,854.8,854.8,0.0
2022,2,204,Somalia,SOM,854.72,854.72,0.0
2022,2,205,Guam,GUM,838.33,838.33,0.0
2022,2,206,Turks and Caicos Islands,TCA,832.0,832.0,0.0
2022,2,207,Sri Lanka,SRI,825.25,825.25,0.0
2022,2,208,US Virgin Islands,VIR,823.97,823.97,0.0
2022,2,209,British Virgin Islands,VGB,809.32,809.32,0.0
2022,2,210,Anguilla,AIA,790.74,790.74,0.0
2022,2,211,San Marino,SMR,763.15,762.22,0.92999999999995
2022,1,1,Brazil,BRA,1837.56,1832.69,4.86999999999989
2022,1,2,Belgium,BEL,1821.92,1827.0,-5.07999999999993
2022,1,3,Argentina,ARG,1770.65,1765.13,5.51999999999998
2022,1,4,France,FRA,1764.85,1789.85,-25.0
2022,1,5,England,ENG,1737.46,1761.71,-24.25
2022,1,6,Spain,ESP,1716.93,1709.19,7.74000000000001
2022,1,7,Italy,ITA,1713.86,1723.31,-9.45000000000005
2022,1,8,Netherlands,NED,1679.41,1658.66,20.75
2022,1,9,Portugal,POR,1678.65,1674.78,3.87000000000012
2022,1,10,Denmark,DEN,1665.47,1653.6,11.8700000000001
2022,1,11,Germany,GER,1658.96,1650.53,8.43000000000006
2022,1,12,Mexico,MEX,1649.57,1658.82,-9.25
2022,1,13,Uruguay,URU,1643.71,1635.73,7.98000000000002
2022,1,14,USA,USA,1635.01,1633.72,1.28999999999996
2022,1,15,Croatia,CRO,1632.15,1621.11,11.0400000000002
2022,1,16,Switzerland,SUI,1621.43,1635.32,-13.8899999999999
2022,1,17,Colombia,COL,1604.07,1600.52,3.54999999999995
2022,1,18,Senegal,SEN,1593.45,1584.16,9.28999999999996
2022,1,19,Wales,WAL,1582.13,1588.08,-5.94999999999982
2022,1,20,Sweden,SWE,1563.44,1584.77,-21.3299999999999
2022,1,21,Peru,PER,1562.24,1562.32,-0.0799999999999272
2022,1,22,Morocco,MAR,1558.9,1551.88,7.01999999999998
2022,1,23,IR Iran,IRN,1558.64,1564.49,-5.84999999999991
2022,1,24,Japan,JPN,1552.77,1553.44,-0.670000000000073
2022,1,25,Serbia,SRB,1549.53,1547.53,2.0
2022,1,26,Poland,POL,1546.18,1544.2,1.98000000000002
2022,1,27,Ukraine,UKR,1542.79,1535.08,7.71000000000004
2022,1,28,Korea Republic,KOR,1526.2,1519.54,6.66000000000008
2022,1,29,Chile,CHI,1514.86,1526.4,-11.5400000000002
2022,1,30,Tunisia,TUN,1507.86,1499.8,8.05999999999995
2022,1,31,Nigeria,NGA,1504.7,1504.01,0.690000000000055
2022,1,32,Czech Republic,CZE,1502.9,1500.62,2.2800000000002
2022,1,33,Austria,AUT,1502.47,1500.37,2.10000000000014
2022,1,34,Costa Rica,CRC,1500.06,1503.09,-3.02999999999997
2022,1,35,Russia,RUS,1493.42,1493.42,0.0
2022,1,36,Norway,NOR,1488.57,1463.5,25.0699999999999
2022,1,37,Hungary,HUN,1486.76,1466.08,20.6800000000001
2022,1,38,Cameroon,CMR,1484.95,1480.48,4.47000000000003
2022,1,39,Australia,AUS,1483.73,1462.29,21.4400000000001
2022,1,40,Egypt,EGY,1482.63,1500.67,-18.04
2022,1,41,Algeria,ALG,1480.59,1461.26,19.3299999999999
2022,1,42,Turkey,TUR,1475.13,1461.81,13.3200000000002
2022,1,43,Canada,CAN,1473.82,1479.0,-5.18000000000006
2022,1,44,Ecuador,ECU,1463.74,1452.63,11.1099999999999
2022,1,45,Scotland,SCO,1462.96,1472.66,-9.70000000000005
2022,1,46,Mali,MLI,1447.74,1436.62,11.1200000000001
2022,1,47,Republic of Ireland,IRL,1442.48,1449.48,-7.0
2022,1,48,Greece,GRE,1441.45,1421.43,20.02
2022,1,49,Qatar,QAT,1441.41,1441.41,0.0
2022,1,50,Paraguay,PAR,1440.13,1443.3,-3.16999999999985
2022,1,51,Slovakia,SVK,1439.99,1454.98,-14.99
2022,1,52,Côte d'Ivoire,CIV,1435.91,1435.28,0.630000000000109
2022,1,53,Saudi Arabia,KSA,1435.74,1444.69,-8.95000000000005
2022,1,54,Romania,ROU,1427.84,1446.54,-18.7
2022,1,55,Burkina Faso,BFA,1425.64,1409.61,16.0300000000002
2022,1,56,Venezuela,VEN,1405.17,1398.14,7.02999999999997
2022,1,57,Bosnia and Herzegovina,BIH,1403.98,1388.63,15.3499999999999
2022,1,58,Northern Ireland,NIR,1399.1,1423.55,-24.45
2022,1,59,Finland,FIN,1398.41,1406.87,-8.45999999999981
2022,1,60,Ghana,GHA,1389.68,1387.36,2.32000000000016
2022,1,61,Panama,PAN,1386.51,1382.79,3.72000000000003
2022,1,62,Jamaica,JAM,1382.06,1378.75,3.30999999999995
2022,1,63,Iceland,ISL,1379.61,1380.85,-1.24000000000001
2022,1,64,North Macedonia,MKD,1375.2,1381.07,-5.86999999999989
2022,1,65,Slovenia,SVN,1372.48,1378.23,-5.75
2022,1,66,Albania,ALB,1361.81,1371.86,-10.05
2022,1,67,Montenegro,MNE,1354.59,1342.79,11.8
2022,1,68,South Africa,RSA,1347.91,1356.01,-8.09999999999991
2022,1,69,United Arab Emirates,UAE,1346.09,1356.99,-10.9000000000001
2022,1,70,Iraq,IRQ,1338.91,1338.91,0.0
2022,1,71,El Salvador,SLV,1333.48,1331.65,1.82999999999993
2022,1,72,Cabo Verde,CPV,1332.96,1339.5,-6.53999999999996
2022,1,73,Congo DR,COD,1332.84,1365.07,-32.23
2022,1,74,Bulgaria,BUL,1325.16,1338.78,-13.6199999999999
2022,1,75,Oman,OMA,1323.03,1324.16,-1.13000000000011
2022,1,76,Israel,ISR,1316.35,1305.92,10.4299999999998
2022,1,77,Uzbekistan,UZB,1306.63,1286.55,20.0800000000002
2022,1,78,China PR,CHN,1304.02,1304.02,0.0
2022,1,79,Gabon,GAB,1301.84,1290.65,11.1899999999998
2022,1,80,Honduras,HON,1299.69,1289.47,10.22
2022,1,81,Bolivia,BOL,1298.81,1298.81,0.0
2022,1,82,Georgia,GEO,1296.46,1276.31,20.1500000000001
2022,1,83,Guinea,GUI,1294.89,1293.21,1.68000000000006
2022,1,84,Curaçao,CUW,1293.35,1298.39,-5.04000000000019
2022,1,85,Bahrain,BHR,1289.25,1262.55,26.7
2022,1,86,Jordan,JOR,1279.74,1259.84,19.9000000000001
2022,1,87,Haiti,HAI,1269.07,1261.86,7.21000000000004
2022,1,88,Zambia,ZAM,1268.18,1267.04,1.1400000000001
2022,1,89,Syria,SYR,1265.03,1265.03,0.0
2022,1,90,Uganda,UGA,1264.56,1275.5,-10.9400000000001
2022,1,91,Benin,BEN,1262.49,1284.13,-21.6400000000001
2022,1,92,Armenia,ARM,1242.42,1245.13,-2.71000000000004
2022,1,93,Luxembourg,LUX,1235.36,1229.6,5.75999999999999
2022,1,94,Palestine,PLE,1233.72,1208.9,24.8199999999999
2022,1,95,Kyrgyz Republic,KGZ,1232.91,1218.48,14.4300000000001
2022,1,96,Belarus,BLR,1226.55,1243.2,-16.6500000000001
2022,1,97,Vietnam,VIE,1218.84,1215.38,3.45999999999981
2022,1,98,Equatorial Guinea,EQG,1215.33,1210.07,5.25999999999999
2022,1,99,Congo,CGO,1215.09,1211.33,3.75999999999999
2022,1,100,Lebanon,LBN,1211.71,1211.71,0.0
2022,1,101,Trinidad and Tobago,TRI,1205.85,1203.78,2.06999999999994
2022,1,102,Kenya,KEN,1202.26,1202.26,0.0
2022,1,103,New Zealand,NZL,1198.96,1206.07,-7.1099999999999
2022,1,104,India,IND,1198.65,1174.04,24.6100000000001
2022,1,105,Madagascar,MAD,1196.03,1205.61,-9.57999999999993
2022,1,106,Kosovo,KOS,1183.9,1173.9,10.0
2022,1,107,Cyprus,CYP,1180.52,1186.09,-5.56999999999994
2022,1,108,Tajikistan,TJK,1179.1,1159.42,19.6799999999998
2022,1,109,Estonia,EST,1177.4,1169.06,8.34000000000015
2022,1,110,Mauritania,MTN,1177.0,1162.48,14.52
2022,1,111,Thailand,THA,1170.69,1167.68,3.00999999999999
2022,1,112,Korea DPR,PRK,1169.96,1169.96,0.0
2022,1,113,Sierra Leone,SLE,1168.21,1173.89,-5.68000000000006
2022,1,114,Kazakhstan,KAZ,1166.28,1134.77,31.51
2022,1,115,Guinea-Bissau,GNB,1165.78,1158.62,7.16000000000008
2022,1,116,Guatemala,GUA,1161.96,1147.85,14.1100000000001
2022,1,117,Namibia,NAM,1160.97,1162.93,-1.96000000000004
2022,1,118,Mozambique,MOZ,1160.55,1146.09,14.46
2022,1,119,Niger,NIG,1155.23,1153.23,2.0
2022,1,120,Libya,LBY,1148.36,1149.63,-1.27000000000021
2022,1,121,Malawi,MWI,1146.49,1145.08,1.41000000000008
2022,1,122,Angola,ANG,1145.26,1131.72,13.54
2022,1,123,Zimbabwe,ZIM,1138.56,1138.56,0.0
2022,1,124,Gambia,GAM,1137.22,1138.19,-0.970000000000027
2022,1,125,Faroe Islands,FRO,1136.29,1137.4,-1.11000000000013
2022,1,126,Comoros,COM,1131.88,1130.77,1.11000000000013
2022,1,127,Togo,TOG,1130.22,1140.0,-9.77999999999997
2022,1,128,Azerbaijan,AZE,1127.17,1127.05,0.120000000000118
2022,1,129,Latvia,LVA,1125.36,1105.02,20.3399999999999
2022,1,130,Sudan,SDN,1124.91,1118.4,6.50999999999999
2022,1,131,Tanzania,TAN,1119.24,1123.79,-4.54999999999995
2022,1,132,Antigua and Barbuda,ATG,1117.01,1131.07,-14.0599999999999
2022,1,133,Central African Republic,CTA,1116.06,1122.08,-6.01999999999998
2022,1,134,Philippines,PHI,1113.75,1117.89,-4.1400000000001
2022,1,135,Turkmenistan,TKM,1100.47,1117.6,-17.1299999999999
2022,1,136,Rwanda,RWA,1095.04,1097.16,-2.12000000000012
2022,1,137,Solomon Islands,SOL,1092.56,1092.56,0.0
2022,1,138,Ethiopia,ETH,1086.73,1076.67,10.0599999999999
2022,1,139,Nicaragua,NCA,1079.18,1062.21,16.97
2022,1,140,Burundi,BDI,1078.12,1080.62,-2.5
2022,1,141,St. Kitts and Nevis,SKN,1076.91,1072.3,4.61000000000013
2022,1,142,Lithuania,LTU,1074.08,1092.04,-17.96
2022,1,143,Suriname,SUR,1072.24,1073.39,-1.15000000000009
2022,1,144,Eswatini,SWZ,1066.92,1070.46,-3.53999999999996
2022,1,145,Hong Kong,HKG,1061.15,1053.39,7.75999999999999
2022,1,146,Lesotho,LES,1059.04,1061.72,-2.68000000000006
2022,1,147,Malaysia,MAS,1057.59,1035.06,22.53
2022,1,148,Kuwait,KUW,1053.41,1059.94,-6.52999999999997
2022,1,149,Botswana,BOT,1050.32,1051.59,-1.26999999999998
2022,1,150,Liberia,LBR,1047.36,1050.5,-3.1400000000001
2022,1,151,Dominican Republic,DOM,1031.86,1029.42,2.43999999999983
2022,1,152,Andorra,AND,1028.7,1040.13,-11.4300000000001
2022,1,153,Yemen,YEM,1023.52,1046.26,-22.74
2022,1,154,Afghanistan,AFG,1023.04,1049.77,-26.73
2022,1,155,Indonesia,IDN,1019.19,1001.61,17.58
2022,1,156,Maldives,MDV,1018.25,1025.5,-7.25
2022,1,157,Chinese Taipei,TPE,1017.78,1017.78,0.0
2022,1,158,Myanmar,MYA,1011.91,1044.56,-32.65
2022,1,159,Singapore,SGP,1004.75,1012.27,-7.51999999999998
2022,1,160,New Caledonia,NCL,999.7,999.7,0.0
2022,1,161,Papua New Guinea,PNG,997.6,997.6,0.0
2022,1,162,Tahiti,TAH,995.11,995.11,0.0
2022,1,163,Fiji,FIJ,993.37,993.37,0.0
2022,1,164,Vanuatu,VAN,990.55,990.55,0.0
2022,1,165,South Sudan,SSD,985.53,998.45,-12.9200000000001
2022,1,166,Barbados,BRB,982.27,995.94,-13.6700000000001
2022,1,167,Cuba,CUB,978.65,950.91,27.74
2022,1,168,Malta,MLT,974.68,971.56,3.12
2022,1,169,Puerto Rico,PUR,974.32,962.77,11.5500000000001
2022,1,170,Bermuda,BER,970.3,982.43,-12.13
2022,1,171,Grenada,GRN,969.0,968.49,0.509999999999991
2022,1,172,Guyana,GUY,968.74,961.07,7.66999999999996
2022,1,173,St. Lucia,LCA,965.66,953.45,12.2099999999999
2022,1,174,Cambodia,CAM,954.3,966.61,-12.3100000000001
2022,1,175,Belize,BLZ,950.88,962.21,-11.33
2022,1,176,Nepal,NEP,950.45,978.86,-28.41
2022,1,177,Montserrat,MSR,947.96,950.71,-2.75
2022,1,178,Moldova,MDA,944.96,932.79,12.1700000000001
2022,1,179,Mauritius,MRI,940.47,940.47,0.0
2022,1,180,St. Vincent and the Grenadines,VIN,939.97,960.71,-20.74
2022,1,181,Chad,CHA,931.98,931.98,0.0
2022,1,182,Macau,MAC,922.1,922.1,0.0
2022,1,183,Laos,LAO,914.66,914.66,0.0
2022,1,184,Mongolia,MNG,913.55,911.49,2.05999999999995
2022,1,185,Dominica,DMA,911.51,916.72,-5.21000000000004
2022,1,186,Bhutan,BHU,910.96,910.96,0.0
2022,1,187,São Tomé and Príncipe,STP,908.18,917.62,-9.44000000000005
2022,1,188,American Samoa,ASA,900.27,900.27,0.0
2022,1,189,Cook Islands,COK,899.33,899.33,0.0
2022,1,190,Brunei Darussalam,BRU,897.1,898.96,-1.86000000000001
2022,1,191,Samoa,SAM,894.26,894.26,0.0
2022,1,192,Bangladesh,BAN,883.18,903.98,-20.8000000000001
2022,1,193,Djibouti,DJI,875.98,875.98,0.0
2022,1,194,Liechtenstein,LIE,873.99,895.08,-21.09
2022,1,195,Seychelles,SEY,866.94,866.94,0.0
2022,1,196,Pakistan,PAK,866.81,866.81,0.0
2022,1,197,Cayman Islands,CAY,865.72,873.64,-7.91999999999996
2022,1,198,Tonga,TGA,861.81,861.81,0.0
2022,1,199,Timor-Leste,TLS,861.43,865.47,-4.04000000000008
2022,1,200,Somalia,SOM,857.39,857.39,0.0
2022,1,201,Gibraltar,GIB,856.55,857.2,-0.650000000000091
2022,1,202,Eritrea,ERI,855.56,855.56,0.0
2022,1,203,Aruba,ARU,855.37,859.97,-4.60000000000002
2022,1,204,Bahamas,BAH,854.8,858.5,-3.70000000000005
2022,1,205,Guam,GUM,838.33,838.33,0.0
2022,1,206,Turks and Caicos Islands,TCA,832.0,839.84,-7.84000000000003
2022,1,207,Sri Lanka,SRI,825.25,842.93,-17.6799999999999
2022,1,208,US Virgin Islands,VIR,823.97,816.13,7.84000000000003
2022,1,209,British Virgin Islands,VGB,809.32,812.94,-3.62
2022,1,210,Anguilla,AIA,790.74,792.34,-1.60000000000002
2022,1,211,San Marino,SMR,763.82,776.97,-13.15
1998,2,1,Brazil,BRA,73.0,74.0,-1.0
1997,2,1,Brazil,BRA,73.0,72.0,1.0
1996,2,1,Brazil,BRA,68.0,69.0,-1.0
1995,2,1,Brazil,BRA,68.0,68.0,0.0
1994,2,1,Brazil,BRA,67.0,67.0,0.0
1993,2,1,Germany,GER,59.0,59.0,0.0
1992,2,1,Germany,GER,57.0,0.0,57.0
2021,2,2,Brazil,BRA,1826.35,1826.35,0.0
2021,2,3,France,FRA,1786.15,1786.15,0.0
2021,2,4,England,ENG,1755.52,1755.52,0.0
2021,2,5,Argentina,ARG,1750.51,1750.51,0.0
2021,2,6,Italy,ITA,1740.77,1740.77,0.0
2021,2,7,Spain,ESP,1704.75,1704.75,0.0
2021,2,8,Portugal,POR,1660.25,1660.25,0.0
2021,2,9,Denmark,DEN,1654.54,1654.54,0.0
2021,2,10,Netherlands,NED,1653.73,1653.73,0.0
2021,2,11,USA,USA,1648.51,1647.14,1.36999999999989
2021,2,12,Germany,GER,1648.33,1648.33,0.0
2021,2,13,Switzerland,SUI,1642.83,1642.83,0.0
2021,2,14,Mexico,MEX,1638.3,1638.76,-0.460000000000036
2021,2,15,Croatia,CRO,1620.74,1620.74,0.0
2021,2,16,Colombia,COL,1607.15,1607.15,0.0
2021,2,17,Uruguay,URU,1596.66,1596.66,0.0
2021,2,18,Sweden,SWE,1588.26,1588.26,0.0
2021,2,19,Wales,WAL,1578.01,1578.01,0.0
2021,2,20,Senegal,SEN,1561.68,1561.68,0.0
2021,2,21,IR Iran,IRN,1557.58,1557.58,0.0
2021,2,22,Peru,PER,1551.15,1551.15,0.0
2021,2,23,Serbia,SRB,1547.38,1547.38,0.0
2021,2,24,Chile,CHI,1543.42,1541.33,2.09000000000015
2021,2,25,Ukraine,UKR,1535.08,1535.08,0.0
2021,2,26,Japan,JPN,1531.53,1531.53,0.0
2021,2,27,Poland,POL,1530.62,1530.62,0.0
2021,2,28,Morocco,MAR,1529.93,1525.5,4.43000000000006
2021,2,29,Algeria,ALG,1516.51,1508.54,7.97000000000003
2021,2,30,Tunisia,TUN,1512.72,1512.13,0.589999999999918
2021,2,31,Austria,AUT,1511.56,1511.56,0.0
2021,2,32,Czech Republic,CZE,1510.42,1510.42,0.0
2021,2,33,Korea Republic,KOR,1507.24,1507.24,0.0
2021,2,34,Russia,RUS,1493.42,1493.42,0.0
2021,2,35,Australia,AUS,1484.88,1484.88,0.0
2021,2,36,Nigeria,NGA,1478.78,1478.78,0.0
2021,2,37,Turkey,TUR,1472.72,1472.72,0.0
2021,2,38,Scotland,SCO,1471.82,1471.82,0.0
2021,2,39,Hungary,HUN,1465.62,1465.62,0.0
2021,2,40,Canada,CAN,1462.32,1462.32,0.0
2021,2,41,Norway,NOR,1455.43,1455.43,0.0
2021,2,42,Slovakia,SVK,1455.36,1455.36,0.0
2021,2,43,Paraguay,PAR,1454.52,1454.52,0.0
2021,2,44,Romania,ROU,1453.18,1453.18,0.0
2021,2,45,Egypt,EGY,1451.77,1449.51,2.25999999999999
2021,2,46,Ecuador,ECU,1448.27,1448.74,-0.470000000000027
2021,2,47,Republic of Ireland,IRL,1444.29,1444.29,0.0
2021,2,48,Qatar,QAT,1437.91,1431.01,6.90000000000009
2021,2,49,Costa Rica,CRC,1437.43,1437.43,0.0
2021,2,50,Cameroon,CMR,1437.35,1437.35,0.0
2021,2,51,Saudi Arabia,KSA,1434.71,1441.17,-6.46000000000004
2021,2,52,Ghana,GHA,1428.97,1428.97,0.0
2021,2,53,Mali,MLI,1427.98,1427.98,0.0
2021,2,54,Northern Ireland,NIR,1424.97,1424.97,0.0
2021,2,55,Greece,GRE,1421.99,1421.99,0.0
2021,2,56,Côte d'Ivoire,CIV,1417.86,1417.86,0.0
2021,2,57,Jamaica,JAM,1412.13,1412.13,0.0
2021,2,58,Finland,FIN,1411.77,1411.77,0.0
2021,2,59,Venezuela,VEN,1409.14,1409.14,0.0
2021,2,60,Burkina Faso,BFA,1397.64,1397.64,0.0
2021,2,61,Bosnia and Herzegovina,BIH,1391.19,1392.56,-1.36999999999989
2021,2,62,Iceland,ISL,1385.21,1385.21,0.0
2021,2,63,Panama,PAN,1379.34,1379.34,0.0
2021,2,64,Congo DR,COD,1375.64,1375.64,0.0
2021,2,65,Slovenia,SVN,1375.42,1375.42,0.0
2021,2,66,Albania,ALB,1374.98,1374.98,0.0
2021,2,67,North Macedonia,MKD,1367.23,1367.23,0.0
2021,2,68,South Africa,RSA,1358.24,1358.24,0.0
2021,2,69,United Arab Emirates,UAE,1350.39,1350.41,-0.0199999999999818
2021,2,70,El Salvador,SLV,1349.47,1350.63,-1.16000000000008
2021,2,71,Bulgaria,BUL,1345.47,1345.47,0.0
2021,2,72,Montenegro,MNE,1342.89,1342.89,0.0
2021,2,73,Cabo Verde,CPV,1339.48,1339.48,0.0
2021,2,74,China PR,CHN,1337.33,1337.33,0.0
2021,2,75,Iraq,IRQ,1333.03,1335.58,-2.54999999999995
2021,2,76,Honduras,HON,1332.16,1332.16,0.0
2021,2,77,Bolivia,BOL,1324.21,1324.21,0.0
2021,2,78,Israel,ISR,1306.7,1306.7,0.0
2021,2,79,Oman,OMA,1306.01,1307.09,-1.07999999999993
2021,2,80,Curaçao,CUW,1298.39,1298.39,0.0
2021,2,81,Guinea,GUI,1298.32,1298.32,0.0
2021,2,82,Uganda,UGA,1285.28,1285.28,0.0
2021,2,83,Benin,BEN,1282.53,1282.53,0.0
2021,2,84,Uzbekistan,UZB,1274.58,1274.58,0.0
2021,2,85,Georgia,GEO,1269.24,1269.24,0.0
2021,2,86,Syria,SYR,1268.54,1269.96,-1.42000000000007
2021,2,87,Haiti,HAI,1268.05,1268.05,0.0
2021,2,88,Zambia,ZAM,1264.64,1264.64,0.0
2021,2,89,Gabon,GAB,1262.0,1262.0,0.0
2021,2,90,Jordan,JOR,1255.69,1252.95,2.74000000000001
2021,2,91,Bahrain,BHR,1252.19,1255.75,-3.55999999999995
2021,2,92,Armenia,ARM,1242.24,1242.24,0.0
2021,2,93,Luxembourg,LUX,1236.45,1236.45,0.0
2021,2,94,Belarus,BLR,1233.43,1233.43,0.0
2021,2,95,Lebanon,LBN,1233.0,1233.76,-0.759999999999991
2021,2,96,Kyrgyz Republic,KGZ,1228.69,1228.69,0.0
2021,2,97,Congo,CGO,1221.4,1221.4,0.0
2021,2,98,Vietnam,VIE,1212.54,1209.22,3.31999999999994
2021,2,99,Palestine,PLE,1208.9,1211.32,-2.41999999999985
2021,2,100,Trinidad and Tobago,TRI,1207.94,1207.94,0.0
2021,2,101,Madagascar,MAD,1205.61,1205.61,0.0
2021,2,102,Kenya,KEN,1202.26,1202.26,0.0
2021,2,103,Mauritania,MTN,1190.26,1190.23,0.0299999999999727
2021,2,104,India,IND,1182.75,1182.75,0.0
2021,2,105,Cyprus,CYP,1178.65,1178.65,0.0
2021,2,106,Guinea-Bissau,GNB,1177.14,1177.14,0.0
2021,2,107,Estonia,EST,1176.5,1176.5,0.0
2021,2,108,Sierra Leone,SLE,1174.12,1174.12,0.0
2021,2,109,Korea DPR,PRK,1169.96,1169.96,0.0
2021,2,110,New Zealand,NZL,1165.81,1165.81,0.0
2021,2,111,Kosovo,KOS,1163.05,1163.05,0.0
2021,2,112,Namibia,NAM,1162.93,1162.93,0.0
2021,2,113,Niger,NIG,1158.39,1158.39,0.0
2021,2,114,Equatorial Guinea,EQG,1156.78,1156.78,0.0
2021,2,115,Thailand,THA,1156.16,1148.63,7.52999999999997
2021,2,116,Tajikistan,TJK,1152.56,1152.56,0.0
2021,2,117,Libya,LBY,1151.06,1151.06,0.0
2021,2,118,Mozambique,MOZ,1151.0,1151.0,0.0
2021,2,119,Kazakhstan,KAZ,1140.71,1140.71,0.0
2021,2,120,Azerbaijan,AZE,1139.02,1139.02,0.0
2021,2,121,Zimbabwe,ZIM,1138.44,1138.44,0.0
2021,2,122,Guatemala,GUA,1138.4,1138.4,0.0
2021,2,123,Faroe Islands,FRO,1136.99,1136.99,0.0
2021,2,124,Togo,TOG,1133.24,1133.24,0.0
2021,2,125,Sudan,SDN,1131.74,1135.89,-4.15000000000009
2021,2,126,Angola,ANG,1131.72,1131.72,0.0
2021,2,127,Antigua and Barbuda,ATG,1131.07,1131.07,0.0
2021,2,128,Philippines,PHI,1129.91,1131.93,-2.01999999999998
2021,2,129,Malawi,MWI,1127.21,1127.21,0.0
2021,2,130,Central African Republic,CTA,1127.2,1127.2,0.0
2021,2,131,Tanzania,TAN,1118.76,1118.76,0.0
2021,2,132,Comoros,COM,1117.65,1117.65,0.0
2021,2,133,Turkmenistan,TKM,1117.6,1117.6,0.0
2021,2,134,Latvia,LVA,1100.03,1100.03,0.0
2021,2,135,Rwanda,RWA,1095.34,1095.34,0.0
2021,2,136,Lithuania,LTU,1091.77,1091.77,0.0
2021,2,137,Ethiopia,ETH,1087.89,1087.89,0.0
2021,2,138,St. Kitts and Nevis,SKN,1077.76,1077.76,0.0
2021,2,139,Suriname,SUR,1077.57,1077.57,0.0
2021,2,140,Burundi,BDI,1075.82,1075.82,0.0
2021,2,141,Solomon Islands,SOL,1072.78,1072.78,0.0
2021,2,142,Kuwait,KUW,1064.02,1064.02,0.0
2021,2,143,Nicaragua,NCA,1062.21,1062.21,0.0
2021,2,144,Liberia,LBR,1058.28,1058.28,0.0
2021,2,145,Lesotho,LES,1057.62,1057.62,0.0
2021,2,146,Eswatini,SWZ,1054.14,1054.14,0.0
2021,2,147,Hong Kong,HKG,1053.39,1053.39,0.0
2021,2,148,Botswana,BOT,1051.59,1051.59,0.0
2021,2,149,Afghanistan,AFG,1049.77,1049.77,0.0
2021,2,150,Gambia,GAM,1049.74,1049.74,0.0
2021,2,151,Yemen,YEM,1046.26,1046.26,0.0
2021,2,152,Myanmar,MYA,1044.56,1052.57,-8.00999999999999
2021,2,153,New Caledonia,NCL,1035.12,1035.12,0.0
2021,2,154,Malaysia,MAS,1034.53,1034.87,-0.339999999999918
2021,2,155,Andorra,AND,1030.28,1030.28,0.0
2021,2,156,Dominican Republic,DOM,1029.42,1029.42,0.0
2021,2,157,Maldives,MDV,1021.58,1021.58,0.0
2021,2,158,Chinese Taipei,TPE,1017.78,1017.78,0.0
2021,2,159,Tahiti,TAH,1014.27,1014.27,0.0
2021,2,160,Singapore,SGP,1003.39,997.42,5.97000000000003
2021,2,161,Fiji,FIJ,996.27,996.27,0.0
2021,2,162,Barbados,BRB,995.94,995.94,0.0
2021,2,163,Vanuatu,VAN,995.62,995.62,0.0
2021,2,164,Indonesia,IDN,992.31,981.18,11.13
2021,2,165,Papua New Guinea,PNG,990.55,990.55,0.0
2021,2,166,Bermuda,BER,982.43,982.43,0.0
2021,2,167,South Sudan,SSD,980.25,980.25,0.0
2021,2,168,Grenada,GRN,974.03,974.03,0.0
2021,2,169,Nepal,NEP,972.45,972.45,0.0
2021,2,170,Belize,BLZ,967.42,967.42,0.0
2021,2,171,Cambodia,CAM,966.61,970.42,-3.80999999999995
2021,2,172,Mauritius,MRI,964.94,964.94,0.0
2021,2,173,Puerto Rico,PUR,962.77,962.77,0.0
2021,2,174,St. Vincent and the Grenadines,VIN,960.71,960.71,0.0
2021,2,175,Malta,MLT,958.95,958.95,0.0
2021,2,176,Guyana,GUY,958.87,958.87,0.0
2021,2,177,St. Lucia,LCA,953.45,953.45,0.0
2021,2,178,Montserrat,MSR,950.71,950.71,0.0
2021,2,179,Cuba,CUB,948.96,948.96,0.0
2021,2,180,Chad,CHA,935.0,935.0,0.0
2021,2,181,Moldova,MDA,928.35,928.35,0.0
2021,2,182,Macau,MAC,922.1,922.1,0.0
2021,2,183,Dominica,DMA,916.72,916.72,0.0
2021,2,184,Mongolia,MNG,916.68,916.68,0.0
2021,2,185,Bhutan,BHU,910.96,910.96,0.0
2021,2,186,Bangladesh,BAN,907.83,907.83,0.0
2021,2,187,Laos,LAO,904.6,912.07,-7.47000000000003
2021,2,188,Brunei Darussalam,BRU,903.9,903.9,0.0
2021,2,189,São Tomé and Príncipe,STP,903.31,903.31,0.0
2021,2,190,American Samoa,ASA,900.27,900.27,0.0
2021,2,191,Liechtenstein,LIE,899.52,899.52,0.0
2021,2,192,Djibouti,DJI,896.62,896.62,0.0
2021,2,193,Samoa,SAM,894.26,894.26,0.0
2021,2,194,Somalia,SOM,873.71,873.71,0.0
2021,2,195,Cayman Islands,CAY,873.64,873.64,0.0
2021,2,196,Timor-Leste,TLS,873.13,879.43,-6.29999999999995
2021,2,197,Seychelles,SEY,870.63,869.51,1.12
2021,2,198,Pakistan,PAK,866.81,866.81,0.0
2021,2,199,Tonga,TGA,861.81,861.81,0.0
2021,2,200,Aruba,ARU,859.97,859.97,0.0
2021,2,201,Bahamas,BAH,858.5,858.5,0.0
2021,2,202,Eritrea,ERI,855.56,855.56,0.0
2021,2,203,Gibraltar,GIB,853.6,853.6,0.0
2021,2,204,Sri Lanka,SRI,842.93,842.8,0.129999999999995
2021,2,205,Turks and Caicos Islands,TCA,839.84,839.84,0.0
2021,2,206,Guam,GUM,838.33,838.33,0.0
2021,2,207,US Virgin Islands,VIR,816.13,816.13,0.0
2021,2,208,British Virgin Islands,VGB,812.94,812.94,0.0
2021,2,209,Anguilla,AIA,792.34,792.34,0.0
2021,2,210,San Marino,SMR,780.33,780.33,0.0
2021,1,1,Belgium,BEL,1783.38,1783.38,0.0
2021,1,2,France,FRA,1757.3,1757.3,0.0
2021,1,3,Brazil,BRA,1742.65,1742.65,0.0
2021,1,4,England,ENG,1686.78,1686.78,0.0
2021,1,5,Portugal,POR,1666.12,1666.12,0.0
2021,1,6,Spain,ESP,1648.13,1648.13,0.0
2021,1,7,Italy,ITA,1642.06,1642.06,0.0
2021,1,8,Argentina,ARG,1641.95,1641.95,0.0
2021,1,9,Uruguay,URU,1639.08,1639.08,0.0
2021,1,10,Denmark,DEN,1631.55,1631.55,0.0
2021,1,11,Mexico,MEX,1629.56,1629.56,0.0
2021,1,12,Germany,GER,1609.12,1609.12,0.0
2021,1,13,Switzerland,SUI,1606.21,1606.21,0.0
2021,1,14,Croatia,CRO,1605.75,1605.75,0.0
2021,1,15,Colombia,COL,1600.66,1600.66,0.0
2021,1,16,Netherlands,NED,1598.04,1598.04,0.0
2021,1,17,Wales,WAL,1570.36,1570.36,0.0
2021,1,18,Sweden,SWE,1569.81,1569.81,0.0
2021,1,19,Chile,CHI,1569.52,1569.52,0.0
2021,1,20,USA,USA,1555.42,1555.42,0.0
2021,1,21,Poland,POL,1549.87,1549.87,0.0
2021,1,22,Senegal,SEN,1542.45,1542.45,0.0
2021,1,23,Austria,AUT,1523.42,1523.42,0.0
2021,1,24,Ukraine,UKR,1514.64,1515.85,-1.20999999999981
2021,1,25,Serbia,SRB,1512.9,1512.9,0.0
2021,1,26,Tunisia,TUN,1512.88,1512.88,0.0
2021,1,27,Peru,PER,1511.88,1511.88,0.0
2021,1,28,Japan,JPN,1509.34,1509.34,0.0
2021,1,29,Turkey,TUR,1505.05,1505.05,0.0
2021,1,30,Venezuela,VEN,1500.71,1500.71,0.0
2021,1,31,IR Iran,IRN,1499.52,1499.52,0.0
2021,1,32,Nigeria,NGA,1487.16,1487.16,0.0
2021,1,33,Algeria,ALG,1486.69,1486.69,0.0
2021,1,34,Morocco,MAR,1479.32,1479.32,0.0
2021,1,35,Paraguay,PAR,1476.02,1476.02,0.0
2021,1,36,Slovakia,SVK,1475.24,1475.24,0.0
2021,1,37,Hungary,HUN,1468.75,1468.75,0.0
2021,1,38,Russia,RUS,1462.65,1462.65,0.0
2021,1,39,Korea Republic,KOR,1460.25,1460.25,0.0
2021,1,40,Czech Republic,CZE,1458.81,1458.81,0.0
2021,1,41,Australia,AUS,1457.49,1457.49,0.0
2021,1,42,Norway,NOR,1452.34,1452.34,0.0
2021,1,43,Romania,ROU,1449.23,1449.23,0.0
2021,1,44,Scotland,SCO,1441.43,1441.43,0.0
2021,1,45,Jamaica,JAM,1432.65,1432.65,0.0
2021,1,46,Egypt,EGY,1432.63,1432.63,0.0
2021,1,47,Republic of Ireland,IRL,1427.22,1427.22,0.0
2021,1,48,Northern Ireland,NIR,1425.74,1425.74,0.0
2021,1,49,Ghana,GHA,1425.26,1425.26,0.0
2021,1,50,Costa Rica,CRC,1423.4,1423.4,0.0
2021,1,51,Greece,GRE,1418.7,1418.7,0.0
2021,1,52,Iceland,ISL,1415.99,1415.99,0.0
2021,1,53,Ecuador,ECU,1413.01,1413.01,0.0
2021,1,54,Finland,FIN,1410.82,1410.82,0.0
2021,1,55,Cameroon,CMR,1404.87,1404.87,0.0
2021,1,55,Bosnia and Herzegovina,BIH,1404.87,1404.87,0.0
2021,1,57,Mali,MLI,1400.94,1400.94,0.0
2021,1,58,Qatar,QAT,1397.92,1397.92,0.0
2021,1,59,Côte d'Ivoire,CIV,1397.77,1397.77,0.0
2021,1,60,Burkina Faso,BFA,1392.9,1392.9,0.0
2021,1,61,Congo DR,COD,1376.65,1376.65,0.0
2021,1,62,North Macedonia,MKD,1374.73,1374.73,0.0
2021,1,63,Slovenia,SVN,1369.88,1369.88,0.0
2021,1,64,Montenegro,MNE,1368.49,1368.49,0.0
2021,1,65,Saudi Arabia,KSA,1364.39,1364.39,0.0
2021,1,66,Albania,ALB,1362.09,1362.09,0.0
2021,1,67,Honduras,HON,1361.21,1361.21,0.0
2021,1,68,Iraq,IRQ,1352.82,1352.82,0.0
2021,1,69,El Salvador,SLV,1341.24,1341.24,0.0
2021,1,70,Canada,CAN,1340.56,1340.56,0.0
2021,1,71,Bulgaria,BUL,1339.03,1339.03,0.0
2021,1,72,Guinea,GUI,1331.79,1331.79,0.0
2021,1,73,United Arab Emirates,UAE,1330.16,1330.16,0.0
2021,1,73,Cabo Verde,CPV,1330.16,1330.16,0.0
2021,1,75,South Africa,RSA,1325.64,1325.64,0.0
2021,1,76,Curaçao,CUW,1323.06,1323.06,0.0
2021,1,77,China PR,CHN,1322.96,1322.96,0.0
2021,1,78,Panama,PAN,1321.97,1321.97,0.0
2021,1,79,Syria,SYR,1304.12,1304.12,0.0
2021,1,80,Oman,OMA,1301.51,1301.51,0.0
2021,1,81,Bolivia,BOL,1300.11,1300.11,0.0
2021,1,82,Benin,BEN,1293.1,1293.1,0.0
2021,1,83,Haiti,HAI,1290.62,1290.62,0.0
2021,1,84,Uganda,UGA,1286.76,1286.76,0.0
2021,1,85,Israel,ISR,1283.36,1283.36,0.0
2021,1,86,Uzbekistan,UZB,1280.99,1280.99,0.0
2021,1,87,Zambia,ZAM,1280.15,1280.15,0.0
2021,1,88,Gabon,GAB,1278.1,1278.1,0.0
2021,1,89,Belarus,BLR,1276.79,1276.79,0.0
2021,1,90,Armenia,ARM,1273.28,1273.28,0.0
2021,1,91,Georgia,GEO,1259.51,1259.51,0.0
2021,1,92,Vietnam,VIE,1258.06,1258.06,0.0
2021,1,93,Lebanon,LBN,1256.08,1256.08,0.0
2021,1,94,Congo,CGO,1255.88,1255.88,0.0
2021,1,95,Jordan,JOR,1251.63,1251.63,0.0
2021,1,96,Luxembourg,LUX,1244.86,1244.86,0.0
2021,1,97,Cyprus,CYP,1240.78,1240.78,0.0
2021,1,98,Bahrain,BHR,1240.1,1238.89,1.20999999999981
2021,1,99,Kyrgyz Republic,KGZ,1240.08,1240.08,0.0
2021,1,100,Madagascar,MAD,1238.24,1238.24,0.0
2021,1,101,Mauritania,MTN,1224.76,1224.76,0.0
2021,1,102,Kenya,KEN,1205.26,1205.26,0.0
2021,1,103,Trinidad and Tobago,TRI,1201.33,1201.33,0.0
2021,1,104,Palestine,PLE,1196.8,1196.8,0.0
2021,1,105,India,IND,1184.36,1184.36,0.0
2021,1,106,Thailand,THA,1178.07,1178.07,0.0
2021,1,107,Zimbabwe,ZIM,1175.5,1175.5,0.0
2021,1,108,Guinea-Bissau,GNB,1171.19,1171.19,0.0
2021,1,109,Korea DPR,PRK,1169.96,1169.96,0.0
2021,1,110,Azerbaijan,AZE,1168.53,1168.53,0.0
2021,1,111,Namibia,NAM,1168.44,1168.44,0.0
2021,1,112,Niger,NIG,1165.91,1165.91,0.0
2021,1,113,Faroe Islands,FRO,1165.45,1165.45,0.0
2021,1,114,Sierra Leone,SLE,1162.61,1162.61,0.0
2021,1,115,Malawi,MWI,1162.39,1162.39,0.0
2021,1,116,Estonia,EST,1161.58,1161.58,0.0
2021,1,117,Mozambique,MOZ,1161.55,1161.55,0.0
2021,1,118,Central African Republic,CTA,1157.64,1157.64,0.0
2021,1,119,Libya,LBY,1156.26,1156.26,0.0
2021,1,120,Kosovo,KOS,1151.73,1151.73,0.0
2021,1,121,Tajikistan,TJK,1151.1,1151.1,0.0
2021,1,122,New Zealand,NZL,1149.43,1149.43,0.0
2021,1,123,Sudan,SDN,1149.14,1149.14,0.0
2021,1,124,Kazakhstan,KAZ,1147.35,1147.35,0.0
2021,1,125,Philippines,PHI,1135.94,1135.94,0.0
2021,1,126,Angola,ANG,1135.88,1135.88,0.0
2021,1,127,Guatemala,GUA,1129.3,1129.3,0.0
2021,1,128,Antigua and Barbuda,ATG,1129.02,1129.02,0.0
2021,1,129,Rwanda,RWA,1123.69,1123.69,0.0
2021,1,130,Turkmenistan,TKM,1106.51,1106.51,0.0
2021,1,131,Comoros,COM,1106.44,1106.44,0.0
2021,1,132,Equatorial Guinea,EQG,1105.2,1105.2,0.0
2021,1,133,Togo,TOG,1104.14,1104.14,0.0
2021,1,134,Lithuania,LTU,1102.84,1102.84,0.0
2021,1,135,St. Kitts and Nevis,SKN,1091.12,1091.12,0.0
2021,1,136,Suriname,SUR,1089.43,1089.43,0.0
2021,1,137,Tanzania,TAN,1088.05,1088.05,0.0
2021,1,138,Latvia,LVA,1081.66,1081.66,0.0
2021,1,139,Myanmar,MYA,1081.26,1081.26,0.0
2021,1,140,Ethiopia,ETH,1079.41,1079.41,0.0
2021,1,141,Chinese Taipei,TPE,1078.48,1078.48,0.0
2021,1,142,Burundi,BDI,1075.64,1075.64,0.0
2021,1,143,Solomon Islands,SOL,1072.78,1072.78,0.0
2021,1,144,Hong Kong,HKG,1072.0,1072.0,0.0
2021,1,145,Yemen,YEM,1070.54,1070.54,0.0
2021,1,146,Lesotho,LES,1069.91,1069.91,0.0
2021,1,147,Nicaragua,NCA,1060.51,1060.51,0.0
2021,1,148,Kuwait,KUW,1056.3,1056.3,0.0
2021,1,149,Afghanistan,AFG,1052.24,1052.24,0.0
2021,1,150,Botswana,BOT,1051.82,1051.82,0.0
2021,1,151,Liberia,LBR,1047.29,1047.29,0.0
2021,1,152,Gambia,GAM,1043.45,1043.45,0.0
2021,1,153,Malaysia,MAS,1040.02,1040.02,0.0
2021,1,154,Eswatini,SWZ,1039.24,1039.24,0.0
2021,1,155,Maldives,MDV,1038.31,1038.31,0.0
2021,1,156,Dominican Republic,DOM,1036.22,1036.22,0.0
2021,1,157,New Caledonia,NCL,1035.12,1035.12,0.0
2021,1,158,Andorra,AND,1034.9,1034.9,0.0
2021,1,159,Singapore,SGP,1020.27,1020.27,0.0
2021,1,160,Grenada,GRN,1017.57,1017.57,0.0
2021,1,161,Tahiti,TAH,1014.27,1014.27,0.0
2021,1,162,Barbados,BRB,1010.95,1010.95,0.0
2021,1,163,Fiji,FIJ,996.27,996.27,0.0
2021,1,164,Vanuatu,VAN,995.62,995.62,0.0
2021,1,165,Guyana,GUY,990.65,990.65,0.0
2021,1,166,Papua New Guinea,PNG,990.55,990.55,0.0
2021,1,167,St. Vincent and the Grenadines,VIN,989.32,989.32,0.0
2021,1,168,Bermuda,BER,987.78,987.78,0.0
2021,1,169,South Sudan,SSD,984.19,984.19,0.0
2021,1,170,Belize,BLZ,977.95,977.95,0.0
2021,1,171,Nepal,NEP,967.88,967.88,0.0
2021,1,172,Mauritius,MRI,964.94,964.94,0.0
2021,1,173,Indonesia,IDN,964.07,964.07,0.0
2021,1,174,Cambodia,CAM,963.79,963.79,0.0
2021,1,175,Malta,MLT,955.89,955.89,0.0
2021,1,176,St. Lucia,LCA,953.45,953.45,0.0
2021,1,177,Moldova,MDA,948.16,948.16,0.0
2021,1,178,Puerto Rico,PUR,938.86,938.86,0.0
2021,1,179,Chad,CHA,935.0,935.0,0.0
2021,1,180,Montserrat,MSR,933.64,933.64,0.0
2021,1,181,Cuba,CUB,923.03,923.03,0.0
2021,1,182,Macau,MAC,922.1,922.1,0.0
2021,1,183,Djibouti,DJI,918.91,918.91,0.0
2021,1,184,Bangladesh,BAN,917.38,917.38,0.0
2021,1,185,Laos,LAO,912.07,912.07,0.0
2021,1,186,Liechtenstein,LIE,911.05,911.05,0.0
2021,1,187,Bhutan,BHU,910.96,910.96,0.0
2021,1,188,Dominica,DMA,904.26,904.26,0.0
2021,1,189,Brunei Darussalam,BRU,903.9,903.9,0.0
2021,1,190,São Tomé and Príncipe,STP,903.31,903.31,0.0
2021,1,191,American Samoa,ASA,900.27,900.27,0.0
2021,1,192,Mongolia,MNG,896.97,896.97,0.0
2021,1,193,Samoa,SAM,894.26,894.26,0.0
2021,1,194,Cayman Islands,CAY,884.44,884.44,0.0
2021,1,195,Gibraltar,GIB,880.16,880.16,0.0
2021,1,196,Timor-Leste,TLS,879.43,879.43,0.0
2021,1,197,Somalia,SOM,879.13,879.13,0.0
2021,1,198,Guam,GUM,872.83,872.83,0.0
2021,1,199,Pakistan,PAK,866.81,866.81,0.0
2021,1,200,Seychelles,SEY,865.69,865.69,0.0
2021,1,201,Bahamas,BAH,861.84,861.84,0.0
2021,1,202,Tonga,TGA,861.81,861.81,0.0
2021,1,203,Eritrea,ERI,855.56,855.56,0.0
2021,1,204,Sri Lanka,SRI,853.07,853.07,0.0
2021,1,205,Aruba,ARU,850.1,850.1,0.0
2021,1,206,Turks and Caicos Islands,TCA,843.65,843.65,0.0
2021,1,207,US Virgin Islands,VIR,829.13,829.13,0.0
2021,1,208,British Virgin Islands,VGB,826.27,826.27,0.0
2021,1,209,Anguilla,AIA,805.42,805.42,0.0
2021,1,210,San Marino,SMR,804.71,804.71,0.0
2020,2,2,France,FRA,1755.0,1755.0,0.0
2020,2,3,Brazil,BRA,1743.0,1743.0,0.0
2020,2,4,England,ENG,1670.0,1670.0,0.0
2020,2,5,Portugal,POR,1662.0,1662.0,0.0
2020,2,6,Spain,ESP,1645.0,1645.0,0.0
2020,2,7,Argentina,ARG,1642.0,1642.0,0.0
2020,2,8,Uruguay,URU,1639.0,1639.0,0.0
2020,2,9,Mexico,MEX,1632.0,1632.0,0.0
2020,2,10,Italy,ITA,1625.0,1625.0,0.0
2020,2,11,Croatia,CRO,1617.0,1617.0,0.0
2020,2,12,Denmark,DEN,1614.0,1614.0,0.0
2020,2,13,Germany,GER,1610.0,1610.0,0.0
2020,2,14,Netherlands,NED,1609.0,1609.0,0.0
2020,2,15,Colombia,COL,1601.0,1601.0,0.0
2020,2,16,Switzerland,SUI,1593.0,1586.0,7.0
2020,2,17,Chile,CHI,1567.0,1567.0,0.0
2020,2,18,Wales,WAL,1562.0,1562.0,0.0
2020,2,19,Poland,POL,1559.0,1559.0,0.0
2020,2,20,Senegal,SEN,1558.0,1558.0,0.0
2020,2,20,Sweden,SWE,1558.0,1558.0,0.0
2020,2,22,USA,USA,1545.0,1545.0,0.0
2020,2,23,Austria,AUT,1531.0,1531.0,0.0
2020,2,24,Ukraine,UKR,1521.0,1528.0,-7.0
2020,2,25,Peru,PER,1512.0,1512.0,0.0
2020,2,26,Tunisia,TUN,1503.0,1503.0,0.0
2020,2,27,Japan,JPN,1502.0,1502.0,0.0
2020,2,28,Venezuela,VEN,1501.0,1501.0,0.0
2020,2,29,IR Iran,IRN,1496.0,1496.0,0.0
2020,2,30,Serbia,SRB,1495.0,1495.0,0.0
2020,2,31,Algeria,ALG,1488.0,1488.0,0.0
2020,2,32,Turkey,TUR,1487.0,1487.0,0.0
2020,2,33,Slovakia,SVK,1478.0,1478.0,0.0
2020,2,34,Paraguay,PAR,1476.0,1476.0,0.0
2020,2,35,Morocco,MAR,1474.0,1474.0,0.0
2020,2,35,Nigeria,NGA,1474.0,1474.0,0.0
2020,2,37,Romania,ROU,1466.0,1466.0,0.0
2020,2,38,Korea Republic,KOR,1465.0,1465.0,0.0
2020,2,39,Russia,RUS,1461.0,1461.0,0.0
2020,2,40,Hungary,HUN,1460.0,1460.0,0.0
2020,2,41,Australia,AUS,1457.0,1457.0,0.0
2020,2,42,Czech Republic,CZE,1456.0,1456.0,0.0
2020,2,42,Republic of Ireland,IRL,1456.0,1456.0,0.0
2020,2,44,Norway,NOR,1450.0,1450.0,0.0
2020,2,45,Northern Ireland,NIR,1440.0,1440.0,0.0
2020,2,46,Iceland,ISL,1438.0,1438.0,0.0
2020,2,47,Jamaica,JAM,1437.0,1437.0,0.0
2020,2,48,Scotland,SCO,1436.0,1436.0,0.0
2020,2,49,Egypt,EGY,1432.0,1432.0,0.0
2020,2,50,Cameroon,CMR,1428.0,1428.0,0.0
2020,2,51,Costa Rica,CRC,1427.0,1427.0,0.0
2020,2,52,Ghana,GHA,1424.0,1424.0,0.0
2020,2,53,Greece,GRE,1413.0,1413.0,0.0
2020,2,54,Finland,FIN,1411.0,1411.0,0.0
2020,2,55,Bosnia and Herzegovina,BIH,1410.0,1410.0,0.0
2020,2,56,Ecuador,ECU,1409.0,1409.0,0.0
2020,2,57,Mali,MLI,1408.0,1408.0,0.0
2020,2,58,Burkina Faso,BFA,1391.0,1391.0,0.0
2020,2,58,Qatar,QAT,1391.0,1387.0,4.0
2020,2,60,Congo DR,COD,1386.0,1386.0,0.0
2020,2,61,Côte d'Ivoire,CIV,1384.0,1384.0,0.0
2020,2,62,Slovenia,SVN,1379.0,1379.0,0.0
2020,2,63,Montenegro,MNE,1370.0,1370.0,0.0
2020,2,64,Honduras,HON,1367.0,1367.0,0.0
2020,2,65,North Macedonia,MKD,1362.0,1362.0,0.0
2020,2,66,Albania,ALB,1360.0,1360.0,0.0
2020,2,67,Saudi Arabia,KSA,1353.0,1353.0,0.0
2020,2,68,Bulgaria,BUL,1350.0,1350.0,0.0
2020,2,69,Iraq,IRQ,1347.0,1347.0,0.0
2020,2,70,El Salvador,SLV,1346.0,1346.0,0.0
2020,2,71,South Africa,RSA,1341.0,1341.0,0.0
2020,2,72,Canada,CAN,1332.0,1332.0,0.0
2020,2,73,Guinea,GUI,1329.0,1329.0,0.0
2020,2,74,United Arab Emirates,UAE,1326.0,1326.0,0.0
2020,2,75,China PR,CHN,1323.0,1323.0,0.0
2020,2,76,Curaçao,CUW,1313.0,1313.0,0.0
2020,2,76,Syria,SYR,1313.0,1313.0,0.0
2020,2,78,Panama,PAN,1311.0,1311.0,0.0
2020,2,79,Uganda,UGA,1307.0,1307.0,0.0
2020,2,79,Bolivia,BOL,1307.0,1307.0,0.0
2020,2,81,Cabo Verde,CPV,1306.0,1306.0,0.0
2020,2,82,Oman,OMA,1303.0,1303.0,0.0
2020,2,83,Benin,BEN,1302.0,1302.0,0.0
2020,2,84,Haiti,HAI,1285.0,1285.0,0.0
2020,2,85,Uzbekistan,UZB,1283.0,1283.0,0.0
2020,2,86,Gabon,GAB,1280.0,1280.0,0.0
2020,2,87,Israel,ISR,1279.0,1279.0,0.0
2020,2,88,Belarus,BLR,1269.0,1269.0,0.0
2020,2,89,Georgia,GEO,1267.0,1267.0,0.0
2020,2,90,Zambia,ZAM,1265.0,1266.0,-1.0
2020,2,91,Congo,CGO,1264.0,1264.0,0.0
2020,2,92,Lebanon,LBN,1263.0,1263.0,0.0
2020,2,93,Vietnam,VIE,1258.0,1258.0,0.0
2020,2,94,Madagascar,MAD,1257.0,1257.0,0.0
2020,2,95,Jordan,JOR,1244.0,1244.0,0.0
2020,2,96,Kyrgyz Republic,KGZ,1240.0,1240.0,0.0
2020,2,97,Bahrain,BHR,1238.0,1238.0,0.0
2020,2,98,Luxembourg,LUX,1235.0,1235.0,0.0
2020,2,99,Armenia,ARM,1233.0,1233.0,0.0
2020,2,100,Cyprus,CYP,1224.0,1224.0,0.0
2020,2,101,Mauritania,MTN,1207.0,1207.0,0.0
2020,2,102,Palestine,PLE,1204.0,1204.0,0.0
2020,2,103,Trinidad and Tobago,TRI,1201.0,1201.0,0.0
2020,2,104,Kenya,KEN,1187.0,1187.0,0.0
2020,2,104,India,IND,1187.0,1187.0,0.0
2020,2,106,Mozambique,MOZ,1185.0,1185.0,0.0
2020,2,107,Faroe Islands,FRO,1183.0,1183.0,0.0
2020,2,108,Zimbabwe,ZIM,1181.0,1181.0,0.0
2020,2,109,Azerbaijan,AZE,1180.0,1180.0,0.0
2020,2,109,Estonia,EST,1180.0,1180.0,0.0
2020,2,111,Thailand,THA,1178.0,1178.0,0.0
2020,2,111,Libya,LBY,1178.0,1178.0,0.0
2020,2,113,Niger,NIG,1173.0,1173.0,0.0
2020,2,114,Central African Republic,CTA,1171.0,1171.0,0.0
2020,2,115,Korea DPR,PRK,1170.0,1170.0,0.0
2020,2,116,Sierra Leone,SLE,1165.0,1165.0,0.0
2020,2,117,Kosovo,KOS,1155.0,1155.0,0.0
2020,2,118,New Zealand,NZL,1149.0,1149.0,0.0
2020,2,119,Namibia,NAM,1147.0,1147.0,0.0
2020,2,120,Guinea-Bissau,GNB,1146.0,1146.0,0.0
2020,2,121,Tajikistan,TJK,1143.0,1143.0,0.0
2020,2,122,Kazakhstan,KAZ,1142.0,1142.0,0.0
2020,2,123,Malawi,MWI,1140.0,1140.0,0.0
2020,2,124,Philippines,PHI,1136.0,1136.0,0.0
2020,2,125,Angola,ANG,1134.0,1134.0,0.0
2020,2,126,Antigua and Barbuda,ATG,1127.0,1127.0,0.0
2020,2,127,Sudan,SDN,1124.0,1124.0,0.0
2020,2,128,Togo,TOG,1115.0,1115.0,0.0
2020,2,129,Lithuania,LTU,1114.0,1114.0,0.0
2020,2,130,Comoros,COM,1112.0,1112.0,0.0
2020,2,131,Guatemala,GUA,1111.0,1111.0,0.0
2020,2,132,Turkmenistan,TKM,1107.0,1107.0,0.0
2020,2,133,Rwanda,RWA,1099.0,1099.0,0.0
2020,2,134,Equatorial Guinea,EQG,1097.0,1097.0,0.0
2020,2,135,Tanzania,TAN,1085.0,1085.0,0.0
2020,2,136,Latvia,LVA,1082.0,1082.0,0.0
2020,2,137,Myanmar,MYA,1081.0,1081.0,0.0
2020,2,138,Chinese Taipei,TPE,1078.0,1078.0,0.0
2020,2,138,Burundi,BDI,1078.0,1078.0,0.0
2020,2,140,St. Kitts and Nevis,SKN,1074.0,1074.0,0.0
2020,2,141,Suriname,SUR,1073.0,1073.0,0.0
2020,2,141,Solomon Islands,SOL,1073.0,1073.0,0.0
2020,2,143,Lesotho,LES,1072.0,1072.0,0.0
2020,2,143,Hong Kong,HKG,1072.0,1072.0,0.0
2020,2,145,Yemen,YEM,1071.0,1071.0,0.0
2020,2,146,Botswana,BOT,1066.0,1066.0,0.0
2020,2,146,Ethiopia,ETH,1066.0,1064.0,2.0
2020,2,148,Kuwait,KUW,1060.0,1060.0,0.0
2020,2,149,Nicaragua,NCA,1055.0,1055.0,0.0
2020,2,150,Afghanistan,AFG,1052.0,1052.0,0.0
2020,2,151,Andorra,AND,1048.0,1048.0,0.0
2020,2,152,Liberia,LBR,1047.0,1047.0,0.0
2020,2,153,Malaysia,MAS,1040.0,1040.0,0.0
2020,2,153,Eswatini,SWZ,1040.0,1040.0,0.0
2020,2,155,Maldives,MDV,1038.0,1038.0,0.0
2020,2,156,New Caledonia,NCL,1035.0,1035.0,0.0
2020,2,157,Gambia,GAM,1034.0,1034.0,0.0
2020,2,158,Singapore,SGP,1020.0,1020.0,0.0
2020,2,159,Dominican Republic,DOM,1019.0,1019.0,0.0
2020,2,160,Grenada,GRN,1015.0,1015.0,0.0
2020,2,161,Tahiti,TAH,1014.0,1014.0,0.0
2020,2,162,Barbados,BRB,1009.0,1009.0,0.0
2020,2,163,South Sudan,SSD,998.0,998.0,0.0
2020,2,164,Fiji,FIJ,996.0,996.0,0.0
2020,2,164,Vanuatu,VAN,996.0,996.0,0.0
2020,2,166,Papua New Guinea,PNG,991.0,991.0,0.0
2020,2,167,Guyana,GUY,988.0,988.0,0.0
2020,2,168,St. Vincent and the Grenadines,VIN,986.0,986.0,0.0
2020,2,169,Bermuda,BER,983.0,983.0,0.0
2020,2,170,Belize,BLZ,974.0,974.0,0.0
2020,2,171,Nepal,NEP,968.0,968.0,0.0
2020,2,172,Mauritius,MRI,965.0,965.0,0.0
2020,2,173,Cambodia,CAM,964.0,964.0,0.0
2020,2,173,Indonesia,IDN,964.0,964.0,0.0
2020,2,175,St. Lucia,LCA,953.0,953.0,0.0
2020,2,176,Malta,MLT,951.0,951.0,0.0
2020,2,177,Moldova,MDA,950.0,950.0,0.0
2020,2,178,Chad,CHA,947.0,947.0,0.0
2020,2,179,Puerto Rico,PUR,941.0,941.0,0.0
2020,2,180,Cuba,CUB,936.0,936.0,0.0
2020,2,181,Liechtenstein,LIE,924.0,924.0,0.0
2020,2,182,Macau,MAC,922.0,922.0,0.0
2020,2,183,Montserrat,MSR,921.0,921.0,0.0
2020,2,184,Djibouti,DJI,919.0,919.0,0.0
2020,2,184,Dominica,DMA,919.0,919.0,0.0
2020,2,186,Bangladesh,BAN,917.0,920.0,-3.0
2020,2,187,São Tomé and Príncipe,STP,914.0,914.0,0.0
2020,2,188,Laos,LAO,912.0,912.0,0.0
2020,2,189,Bhutan,BHU,911.0,911.0,0.0
2020,2,190,Mongolia,MNG,906.0,906.0,0.0
2020,2,191,Brunei Darussalam,BRU,904.0,904.0,0.0
2020,2,192,American Samoa,ASA,900.0,900.0,0.0
2020,2,193,Cayman Islands,CAY,897.0,897.0,0.0
2020,2,194,Samoa,SAM,894.0,894.0,0.0
2020,2,195,Gibraltar,GIB,888.0,888.0,0.0
2020,2,196,Bahamas,BAH,880.0,880.0,0.0
2020,2,197,Somalia,SOM,879.0,879.0,0.0
2020,2,197,Timor-Leste,TLS,879.0,879.0,0.0
2020,2,199,Guam,GUM,873.0,873.0,0.0
2020,2,200,Aruba,ARU,867.0,867.0,0.0
2020,2,200,Pakistan,PAK,867.0,867.0,0.0
2020,2,202,Seychelles,SEY,866.0,866.0,0.0
2020,2,203,Tonga,TGA,862.0,862.0,0.0
2020,2,203,Turks and Caicos Islands,TCA,862.0,862.0,0.0
2020,2,205,Eritrea,ERI,856.0,856.0,0.0
2020,2,206,Sri Lanka,SRI,853.0,853.0,0.0
2020,2,207,US Virgin Islands,VIR,844.0,844.0,0.0
2020,2,208,British Virgin Islands,VGB,842.0,842.0,0.0
2020,2,209,Anguilla,AIA,821.0,821.0,0.0
2020,2,210,San Marino,SMR,810.0,810.0,0.0
2020,1,1,Belgium,BEL,1765.0,1765.0,0.0
2020,1,2,France,FRA,1733.0,1733.0,0.0
2020,1,3,Brazil,BRA,1712.0,1712.0,0.0
2020,1,4,England,ENG,1661.0,1661.0,0.0
2020,1,5,Uruguay,URU,1645.0,1645.0,0.0
2020,1,6,Croatia,CRO,1642.0,1642.0,0.0
2020,1,7,Portugal,POR,1639.0,1639.0,0.0
2020,1,8,Spain,ESP,1636.0,1636.0,0.0
2020,1,9,Argentina,ARG,1623.0,1623.0,0.0
2020,1,10,Colombia,COL,1622.0,1622.0,0.0
2020,1,11,Mexico,MEX,1621.0,1621.0,0.0
2020,1,12,Switzerland,SUI,1608.0,1608.0,0.0
2020,1,13,Italy,ITA,1607.0,1607.0,0.0
2020,1,14,Netherlands,NED,1604.0,1604.0,0.0
2020,1,15,Germany,GER,1602.0,1602.0,0.0
2020,1,16,Denmark,DEN,1598.0,1598.0,0.0
2020,1,17,Chile,CHI,1579.0,1579.0,0.0
2020,1,17,Sweden,SWE,1579.0,1579.0,0.0
2020,1,19,Poland,POL,1559.0,1559.0,0.0
2020,1,20,Senegal,SEN,1555.0,1555.0,0.0
2020,1,21,Peru,PER,1544.0,1544.0,0.0
2020,1,22,USA,USA,1542.0,1542.0,0.0
2020,1,23,Wales,WAL,1540.0,1540.0,0.0
2020,1,24,Ukraine,UKR,1537.0,1537.0,0.0
2020,1,25,Venezuela,VEN,1517.0,1517.0,0.0
2020,1,26,Austria,AUT,1507.0,1507.0,0.0
2020,1,27,Tunisia,TUN,1506.0,1506.0,0.0
2020,1,28,Japan,JPN,1500.0,1500.0,0.0
2020,1,29,Turkey,TUR,1494.0,1494.0,0.0
2020,1,29,Serbia,SRB,1494.0,1494.0,0.0
2020,1,31,Nigeria,NGA,1493.0,1493.0,0.0
2020,1,32,Slovakia,SVK,1490.0,1490.0,0.0
2020,1,33,IR Iran,IRN,1489.0,1489.0,0.0
2020,1,34,Republic of Ireland,IRL,1486.0,1486.0,0.0
2020,1,35,Algeria,ALG,1482.0,1482.0,0.0
2020,1,36,Northern Ireland,NIR,1476.0,1476.0,0.0
2020,1,37,Romania,ROU,1475.0,1475.0,0.0
2020,1,38,Russia,RUS,1470.0,1470.0,0.0
2020,1,39,Iceland,ISL,1465.0,1465.0,0.0
2020,1,40,Korea Republic,KOR,1464.0,1464.0,0.0
2020,1,41,Paraguay,PAR,1461.0,1461.0,0.0
2020,1,42,Australia,AUS,1457.0,1457.0,0.0
2020,1,43,Morocco,MAR,1456.0,1456.0,0.0
2020,1,44,Norway,NOR,1451.0,1451.0,0.0
2020,1,45,Czech Republic,CZE,1446.0,1446.0,0.0
2020,1,46,Costa Rica,CRC,1439.0,1439.0,0.0
2020,1,46,Ghana,GHA,1439.0,1439.0,0.0
2020,1,48,Jamaica,JAM,1438.0,1437.0,1.0
2020,1,49,Bosnia and Herzegovina,BIH,1430.0,1430.0,0.0
2020,1,50,Scotland,SCO,1422.0,1422.0,0.0
2020,1,51,Egypt,EGY,1420.0,1420.0,0.0
2020,1,52,Hungary,HUN,1416.0,1416.0,0.0
2020,1,53,Cameroon,CMR,1413.0,1413.0,0.0
2020,1,54,Greece,GRE,1409.0,1409.0,0.0
2020,1,55,Qatar,QAT,1396.0,1396.0,0.0
2020,1,56,Mali,MLI,1389.0,1389.0,0.0
2020,1,56,Congo DR,COD,1389.0,1389.0,0.0
2020,1,58,Finland,FIN,1386.0,1386.0,0.0
2020,1,59,Bulgaria,BUL,1381.0,1381.0,0.0
2020,1,59,Burkina Faso,BFA,1381.0,1381.0,0.0
2020,1,61,Côte d'Ivoire,CIV,1378.0,1378.0,0.0
2020,1,62,Honduras,HON,1377.0,1377.0,0.0
2020,1,63,Ecuador,ECU,1368.0,1368.0,0.0
2020,1,64,Montenegro,MNE,1365.0,1365.0,0.0
2020,1,64,Slovenia,SVN,1365.0,1365.0,0.0
2020,1,66,Albania,ALB,1356.0,1356.0,0.0
2020,1,67,Saudi Arabia,KSA,1351.0,1351.0,0.0
2020,1,68,North Macedonia,MKD,1347.0,1347.0,0.0
2020,1,69,El Salvador,SLV,1346.0,1346.0,0.0
2020,1,70,Iraq,IRQ,1344.0,1344.0,0.0
2020,1,71,United Arab Emirates,UAE,1334.0,1334.0,0.0
2020,1,71,South Africa,RSA,1334.0,1334.0,0.0
2020,1,73,Canada,CAN,1332.0,1332.0,0.0
2020,1,74,Guinea,GUI,1328.0,1328.0,0.0
2020,1,75,Bolivia,BOL,1324.0,1324.0,0.0
2020,1,76,China PR,CHN,1323.0,1323.0,0.0
2020,1,77,Uganda,UGA,1321.0,1321.0,0.0
2020,1,78,Cabo Verde,CPV,1318.0,1318.0,0.0
2020,1,79,Syria,SYR,1314.0,1314.0,0.0
2020,1,80,Curaçao,CUW,1313.0,1313.0,0.0
2020,1,81,Panama,PAN,1305.0,1304.0,1.0
2020,1,82,Oman,OMA,1303.0,1303.0,0.0
2020,1,83,Gabon,GAB,1297.0,1297.0,0.0
2020,1,84,Benin,BEN,1295.0,1295.0,0.0
2020,1,85,Uzbekistan,UZB,1286.0,1289.0,-3.0
2020,1,86,Haiti,HAI,1285.0,1285.0,0.0
2020,1,87,Belarus,BLR,1283.0,1280.0,3.0
2020,1,88,Zambia,ZAM,1279.0,1279.0,0.0
2020,1,89,Congo,CGO,1269.0,1269.0,0.0
2020,1,89,Lebanon,LBN,1269.0,1269.0,0.0
2020,1,91,Madagascar,MAD,1267.0,1267.0,0.0
2020,1,91,Georgia,GEO,1267.0,1267.0,0.0
2020,1,93,Israel,ISR,1260.0,1260.0,0.0
2020,1,94,Vietnam,VIE,1258.0,1258.0,0.0
2020,1,95,Cyprus,CYP,1251.0,1251.0,0.0
2020,1,96,Kyrgyz Republic,KGZ,1240.0,1240.0,0.0
2020,1,97,Jordan,JOR,1238.0,1238.0,0.0
2020,1,98,Luxembourg,LUX,1236.0,1236.0,0.0
2020,1,99,Bahrain,BHR,1225.0,1225.0,0.0
2020,1,100,Mauritania,MTN,1223.0,1223.0,0.0
2020,1,101,Libya,LBY,1215.0,1215.0,0.0
2020,1,102,Armenia,ARM,1213.0,1213.0,0.0
2020,1,103,Palestine,PLE,1204.0,1204.0,0.0
2020,1,104,Estonia,EST,1202.0,1202.0,0.0
2020,1,105,Trinidad and Tobago,TRI,1201.0,1201.0,0.0
2020,1,106,Mozambique,MOZ,1200.0,1200.0,0.0
2020,1,107,Kenya,KEN,1199.0,1199.0,0.0
2020,1,108,India,IND,1187.0,1187.0,0.0
2020,1,109,Central African Republic,CTA,1184.0,1184.0,0.0
2020,1,110,Faroe Islands,FRO,1181.0,1181.0,0.0
2020,1,111,Zimbabwe,ZIM,1180.0,1180.0,0.0
2020,1,112,Niger,NIG,1179.0,1179.0,0.0
2020,1,113,Thailand,THA,1178.0,1178.0,0.0
2020,1,114,Azerbaijan,AZE,1177.0,1177.0,0.0
2020,1,115,Kosovo,KOS,1174.0,1174.0,0.0
2020,1,116,Korea DPR,PRK,1170.0,1170.0,0.0
2020,1,117,Namibia,NAM,1160.0,1160.0,0.0
2020,1,118,Kazakhstan,KAZ,1155.0,1155.0,0.0
2020,1,118,Sierra Leone,SLE,1155.0,1155.0,0.0
2020,1,118,Guinea-Bissau,GNB,1155.0,1155.0,0.0
2020,1,121,Tajikistan,TJK,1152.0,1152.0,0.0
2020,1,122,New Zealand,NZL,1149.0,1149.0,0.0
2020,1,123,Malawi,MWI,1141.0,1141.0,0.0
2020,1,124,Philippines,PHI,1136.0,1136.0,0.0
2020,1,124,Angola,ANG,1136.0,1136.0,0.0
2020,1,126,Antigua and Barbuda,ATG,1127.0,1127.0,0.0
2020,1,126,Togo,TOG,1127.0,1127.0,0.0
2020,1,128,Sudan,SDN,1112.0,1112.0,0.0
2020,1,129,Turkmenistan,TKM,1107.0,1107.0,0.0
2020,1,130,Guatemala,GUA,1104.0,1106.0,-2.0
2020,1,131,Rwanda,RWA,1089.0,1089.0,0.0
2020,1,131,Lithuania,LTU,1089.0,1089.0,0.0
2020,1,133,Comoros,COM,1088.0,1088.0,0.0
2020,1,134,Tanzania,TAN,1086.0,1086.0,0.0
2020,1,135,Andorra,AND,1082.0,1082.0,0.0
2020,1,136,Myanmar,MYA,1081.0,1081.0,0.0
2020,1,137,Latvia,LVA,1079.0,1079.0,0.0
2020,1,138,Chinese Taipei,TPE,1078.0,1078.0,0.0
2020,1,139,Lesotho,LES,1074.0,1074.0,0.0
2020,1,139,St. Kitts and Nevis,SKN,1074.0,1074.0,0.0
2020,1,141,Solomon Islands,SOL,1073.0,1073.0,0.0
2020,1,141,Suriname,SUR,1073.0,1073.0,0.0
2020,1,143,Hong Kong,HKG,1072.0,1072.0,0.0
2020,1,144,Yemen,YEM,1071.0,1071.0,0.0
2020,1,145,Equatorial Guinea,EQG,1066.0,1066.0,0.0
2020,1,146,Ethiopia,ETH,1061.0,1061.0,0.0
2020,1,147,Kuwait,KUW,1060.0,1060.0,0.0
2020,1,148,Botswana,BOT,1055.0,1055.0,0.0
2020,1,149,Afghanistan,AFG,1052.0,1052.0,0.0
2020,1,149,Burundi,BDI,1052.0,1052.0,0.0
2020,1,151,Nicaragua,NCA,1051.0,1050.0,1.0
2020,1,152,Liberia,LBR,1047.0,1047.0,0.0
2020,1,153,Eswatini,SWZ,1042.0,1042.0,0.0
2020,1,154,Malaysia,MAS,1040.0,1040.0,0.0
2020,1,155,Maldives,MDV,1038.0,1038.0,0.0
2020,1,156,New Caledonia,NCL,1035.0,1035.0,0.0
2020,1,157,Singapore,SGP,1020.0,1020.0,0.0
2020,1,158,Dominican Republic,DOM,1019.0,1019.0,0.0
2020,1,159,Gambia,GAM,1015.0,1015.0,0.0
2020,1,159,Grenada,GRN,1015.0,1015.0,0.0
2020,1,161,Tahiti,TAH,1014.0,1014.0,0.0
2020,1,162,Barbados,BRB,1009.0,1009.0,0.0
2020,1,163,Fiji,FIJ,996.0,996.0,0.0
2020,1,163,Vanuatu,VAN,996.0,996.0,0.0
2020,1,165,Papua New Guinea,PNG,991.0,991.0,0.0
2020,1,166,Guyana,GUY,988.0,988.0,0.0
2020,1,167,St. Vincent and the Grenadines,VIN,986.0,986.0,0.0
2020,1,168,Bermuda,BER,983.0,984.0,-1.0
2020,1,168,South Sudan,SSD,983.0,983.0,0.0
2020,1,170,Nepal,NEP,974.0,974.0,0.0
2020,1,170,Belize,BLZ,974.0,974.0,0.0
2020,1,172,Mauritius,MRI,965.0,965.0,0.0
2020,1,173,Indonesia,IDN,964.0,964.0,0.0
2020,1,173,Cambodia,CAM,964.0,964.0,0.0
2020,1,175,Moldova,MDA,959.0,959.0,0.0
2020,1,176,St. Lucia,LCA,953.0,953.0,0.0
2020,1,177,Chad,CHA,943.0,943.0,0.0
2020,1,178,Puerto Rico,PUR,941.0,941.0,0.0
2020,1,179,Cuba,CUB,936.0,936.0,0.0
2020,1,180,Liechtenstein,LIE,926.0,926.0,0.0
2020,1,181,São Tomé and Príncipe,STP,923.0,923.0,0.0
2020,1,182,Macau,MAC,922.0,922.0,0.0
2020,1,183,Montserrat,MSR,921.0,921.0,0.0
2020,1,184,Malta,MLT,919.0,919.0,0.0
2020,1,184,Djibouti,DJI,919.0,919.0,0.0
2020,1,184,Dominica,DMA,919.0,919.0,0.0
2020,1,187,Bangladesh,BAN,914.0,914.0,0.0
2020,1,188,Laos,LAO,912.0,912.0,0.0
2020,1,189,Bhutan,BHU,911.0,911.0,0.0
2020,1,190,Mongolia,MNG,906.0,906.0,0.0
2020,1,191,Brunei Darussalam,BRU,904.0,904.0,0.0
2020,1,192,American Samoa,ASA,900.0,900.0,0.0
2020,1,193,Cayman Islands,CAY,897.0,897.0,0.0
2020,1,194,Samoa,SAM,894.0,894.0,0.0
2020,1,195,Bahamas,BAH,880.0,880.0,0.0
2020,1,196,Gibraltar,GIB,879.0,879.0,0.0
2020,1,196,Somalia,SOM,879.0,879.0,0.0
2020,1,196,Timor-Leste,TLS,879.0,879.0,0.0
2020,1,199,Guam,GUM,873.0,873.0,0.0
2020,1,200,Pakistan,PAK,867.0,867.0,0.0
2020,1,200,Aruba,ARU,867.0,867.0,0.0
2020,1,202,Seychelles,SEY,866.0,866.0,0.0
2020,1,203,Tonga,TGA,862.0,862.0,0.0
2020,1,203,Turks and Caicos Islands,TCA,862.0,862.0,0.0
2020,1,205,Eritrea,ERI,856.0,856.0,0.0
2020,1,206,Sri Lanka,SRI,853.0,853.0,0.0
2020,1,207,US Virgin Islands,VIR,844.0,844.0,0.0
2020,1,208,British Virgin Islands,VGB,842.0,842.0,0.0
2020,1,209,San Marino,SMR,824.0,824.0,0.0
2020,1,210,Anguilla,AIA,821.0,821.0,0.0
2019,2,2,France,FRA,1733.0,1733.0,0.0
